;age;clv;segment;customer_engagement_score;treated;outcome;subscription_length;income;life_phase;gender;app_engagement_score
0;58.0;52.0;Segment 3;41.0;1.0;1.0;26.0;69965.0;A;Female;8.0
1;43.0;77.0;Segment 3;85.0;0.0;0.0;22.0;77891.0;B;Female;61.0
2;41.0;;Segment 2;85.0;;0.0;28.0;69466.0;A;Female;
3;41.0;100.0;Segment 1;9.0;0.0;0.0;1.0;71099.0;A;Male;77.0
4;89.0;0.0;Segment 2;9.0;0.0;0.0;2.0;50438.0;C;Female;65.0
5;65.0;17.0;Segment 3;26.0;0.0;0.0;17.0;61400.0;A;Female;21.0
6;;98.0;Segment 3;87.0;0.0;0.0;21.0;62739.0;C;Female;37.0
7;;62.0;Segment 3;12.0;;0.0;9.0;79324.0;C;Female;0.0
8;52.0;97.0;Segment 3;71.0;1.0;1.0;13.0;66185.0;A;Male;
9;18.0;56.0;Segment 1;10.0;1.0;0.0;11.0;0.0;C;Male;32.0
10;28.0;85.0;Segment 1;62.0;0.0;0.0;16.0;48914.0;A;;57.0
11;53.0;62.0;Segment 3;35.0;0.0;1.0;16.0;85401.0;A;Male;95.0
12;86.0;0.0;Segment 3;78.0;0.0;0.0;2.0;61034.0;B;Male;29.0
13;41.0;99.0;Segment 3;23.0;0.0;1.0;8.0;72787.0;C;Female;99.0
14;35.0;87.0;Segment 3;63.0;0.0;0.0;13.0;63762.0;A;Male;
15;49.0;78.0;Segment 1;23.0;1.0;1.0;17.0;80324.0;B;Male;24.0
16;34.0;98.0;Segment 3;71.0;0.0;0.0;24.0;;B;Female;43.0
17;40.0;96.0;Segment 1;87.0;0.0;1.0;3.0;78493.0;C;Female;74.0
18;46.0;94.0;Segment 1;12.0;1.0;1.0;30.0;68493.0;A;Male;44.0
19;27.0;80.0;Segment 3;86.0;;0.0;13.0;47702.0;B;Male;6.0
20;66.0;19.0;Segment 3;59.0;0.0;0.0;19.0;83021.0;B;Female;16.0
21;24.0;71.0;Segment 1;12.0;0.0;1.0;7.0;39255.0;B;Male;79.0
22;23.0;78.0;Segment 1;42.0;1.0;0.0;9.0;57701.0;C;Female;64.0
23;51.0;98.0;Segment 3;16.0;0.0;0.0;19.0;76743.0;C;Female;
24;64.0;1.0;Segment 2;70.0;0.0;0.0;22.0;68862.0;A;Male;16.0
25;50.0;76.0;Segment 3;75.0;0.0;1.0;18.0;81907.0;B;Male;
26;44.0;79.0;Segment 3;10.0;1.0;1.0;23.0;65648.0;B;Male;96.0
27;40.0;90.0;Segment 2;50.0;0.0;0.0;2.0;64316.0;A;Female;4.0
28;37.0;96.0;Segment 3;81.0;0.0;0.0;11.0;58577.0;;Female;7.0
29;73.0;0.0;Segment 2;93.0;1.0;1.0;31.0;62193.0;B;Male;88.0
30;54.0;64.0;Segment 3;51.0;1.0;1.0;33.0;88002.0;B;Male;81.0
31;38.0;;Segment 3;95.0;0.0;0.0;14.0;67795.0;C;Male;61.0
32;33.0;96.0;Segment 1;53.0;1.0;1.0;16.0;59244.0;A;Female;94.0
33;61.0;;Segment 3;39.0;1.0;1.0;11.0;72373.0;C;Female;64.0
34;72.0;0.0;Segment 3;84.0;0.0;0.0;33.0;66552.0;B;Female;21.0
35;69.0;17.0;Segment 3;49.0;0.0;0.0;;61322.0;B;Male;72.0
36;30.0;87.0;Segment 3;47.0;0.0;0.0;31.0;48536.0;C;Female;64.0
37;40.0;94.0;Segment 2;49.0;0.0;1.0;14.0;68829.0;B;Female;98.0
38;37.0;100.0;Segment 1;84.0;0.0;0.0;;67484.0;B;Male;21.0
39;42.0;100.0;Segment 1;83.0;0.0;0.0;16.0;71610.0;B;Female;59.0
40;66.0;1.0;Segment 2;40.0;1.0;1.0;19.0;73748.0;;Male;78.0
41;82.0;18.0;Segment 2;33.0;1.0;1.0;17.0;37758.0;C;Female;33.0
42;54.0;87.0;Segment 1;49.0;1.0;0.0;26.0;72234.0;C;Male;37.0
43;34.0;85.0;Segment 3;57.0;0.0;0.0;6.0;60842.0;A;Male;88.0
44;45.0;100.0;Segment 3;23.0;0.0;0.0;9.0;77568.0;A;Female;40.0
45;89.0;34.0;Segment 3;79.0;0.0;;17.0;39653.0;B;Male;62.0
46;48.0;77.0;Segment 1;48.0;0.0;1.0;31.0;85215.0;A;Female;88.0
47;40.0;87.0;Segment 1;33.0;0.0;0.0;12.0;67121.0;B;Male;20.0
48;42.0;100.0;Segment 1;10.0;1.0;0.0;23.0;72715.0;A;Male;98.0
49;54.0;80.0;Segment 3;;1.0;;;92219.0;B;Male;70.0
50;31.0;97.0;Segment 3;94.0;0.0;1.0;3.0;58230.0;A;Female;49.0
51;36.0;99.0;Segment 2;30.0;0.0;0.0;24.0;69748.0;A;Male;43.0
52;69.0;20.0;Segment 2;16.0;0.0;0.0;17.0;58995.0;C;Male;95.0
53;54.0;58.0;Segment 3;46.0;0.0;;26.0;90871.0;B;Female;20.0
54;48.0;100.0;Segment 3;30.0;0.0;1.0;;76020.0;C;Male;31.0
55;70.0;32.0;Segment 3;3.0;0.0;0.0;12.0;52505.0;C;Male;30.0
56;33.0;92.0;Segment 3;32.0;0.0;0.0;1.0;43371.0;;Male;28.0
57;39.0;96.0;Segment 3;54.0;0.0;0.0;21.0;76576.0;A;Male;46.0
58;53.0;59.0;Segment 1;55.0;0.0;0.0;19.0;74553.0;C;Female;
59;52.0;89.0;Segment 1;35.0;1.0;1.0;21.0;80706.0;C;Male;88.0
60;22.0;72.0;Segment 3;44.0;0.0;0.0;18.0;17244.0;;Male;32.0
61;38.0;96.0;Segment 1;96.0;0.0;0.0;3.0;69651.0;A;Female;42.0
62;43.0;100.0;Segment 1;37.0;1.0;1.0;32.0;73422.0;C;Male;66.0
63;;68.0;;25.0;0.0;0.0;10.0;69968.0;A;;
64;52.0;90.0;;24.0;1.0;1.0;15.0;85251.0;C;Female;82.0
65;45.0;83.0;Segment 3;45.0;0.0;0.0;5.0;70842.0;C;;87.0
66;18.0;49.0;Segment 3;;1.0;0.0;4.0;10553.0;A;Female;85.0
67;46.0;91.0;Segment 3;20.0;0.0;0.0;;68579.0;C;Female;37.0
68;47.0;95.0;;70.0;0.0;0.0;4.0;72914.0;A;Male;46.0
69;100.0;0.0;Segment 3;2.0;0.0;0.0;15.0;42391.0;C;Female;1.0
70;42.0;95.0;Segment 3;41.0;0.0;0.0;17.0;63893.0;;Male;
71;53.0;91.0;Segment 3;77.0;0.0;0.0;3.0;69616.0;C;Female;46.0
72;75.0;0.0;Segment 3;33.0;0.0;0.0;10.0;53158.0;A;Male;90.0
73;64.0;5.0;Segment 2;56.0;0.0;0.0;23.0;64769.0;C;Female;89.0
74;84.0;37.0;Segment 3;;0.0;1.0;18.0;61500.0;B;Female;96.0
75;22.0;76.0;Segment 1;74.0;0.0;0.0;1.0;58407.0;B;Male;88.0
76;28.0;78.0;Segment 3;5.0;1.0;1.0;35.0;30703.0;A;Female;0.0
77;35.0;100.0;Segment 3;85.0;0.0;0.0;31.0;;B;Female;64.0
78;20.0;57.0;Segment 3;19.0;0.0;0.0;1.0;;A;Female;6.0
79;48.0;94.0;Segment 3;87.0;0.0;0.0;3.0;77778.0;B;Male;27.0
80;29.0;91.0;Segment 1;35.0;1.0;1.0;;23540.0;A;Female;57.0
81;88.0;0.0;Segment 3;72.0;0.0;0.0;19.0;43558.0;C;Female;70.0
82;31.0;86.0;Segment 3;31.0;0.0;1.0;29.0;49670.0;;Male;65.0
83;40.0;90.0;Segment 3;90.0;0.0;0.0;25.0;67978.0;A;;4.0
84;66.0;8.0;;12.0;0.0;0.0;33.0;69475.0;A;Female;10.0
85;;71.0;Segment 3;17.0;0.0;0.0;;23764.0;B;Male;
86;19.0;54.0;Segment 1;49.0;1.0;1.0;26.0;7724.0;A;Male;9.0
87;50.0;78.0;Segment 1;8.0;0.0;;4.0;82511.0;B;Male;17.0
88;52.0;91.0;;19.0;1.0;0.0;14.0;84806.0;C;Female;68.0
89;65.0;51.0;Segment 3;94.0;0.0;0.0;27.0;58117.0;C;Female;83.0
90;58.0;51.0;Segment 3;97.0;0.0;0.0;33.0;85027.0;B;Male;40.0
91;53.0;83.0;Segment 3;37.0;0.0;1.0;22.0;67301.0;A;Female;
92;33.0;98.0;Segment 3;92.0;0.0;0.0;3.0;52233.0;B;Male;20.0
93;51.0;91.0;Segment 1;54.0;0.0;0.0;23.0;79713.0;A;Female;97.0
94;53.0;81.0;Segment 3;;0.0;0.0;21.0;76375.0;C;Male;34.0
95;32.0;99.0;Segment 1;70.0;1.0;0.0;23.0;50004.0;A;;84.0
96;99.0;11.0;Segment 2;65.0;0.0;1.0;4.0;56048.0;B;Male;
97;57.0;46.0;Segment 1;98.0;0.0;0.0;21.0;;B;Female;86.0
98;28.0;94.0;Segment 1;26.0;1.0;1.0;31.0;80340.0;C;Female;6.0
99;65.0;41.0;;67.0;0.0;0.0;21.0;71027.0;A;Male;65.0
100;;0.0;Segment 2;5.0;0.0;0.0;26.0;60497.0;B;Female;12.0
101;56.0;69.0;Segment 3;11.0;0.0;0.0;35.0;83431.0;A;Female;0.0
102;41.0;100.0;Segment 2;0.0;0.0;1.0;24.0;84647.0;B;Female;5.0
103;32.0;92.0;Segment 3;99.0;0.0;0.0;11.0;47862.0;;Female;91.0
104;45.0;100.0;Segment 3;80.0;0.0;0.0;29.0;72408.0;B;Female;90.0
105;54.0;100.0;Segment 3;78.0;0.0;0.0;3.0;74986.0;B;Female;22.0
106;46.0;84.0;Segment 2;50.0;1.0;1.0;1.0;79274.0;C;Female;54.0
107;85.0;0.0;Segment 2;30.0;0.0;0.0;19.0;31212.0;B;Female;95.0
108;61.0;49.0;Segment 3;15.0;0.0;0.0;22.0;73865.0;B;Male;49.0
109;30.0;96.0;Segment 1;28.0;0.0;1.0;14.0;56714.0;B;;39.0
110;27.0;84.0;Segment 1;37.0;;0.0;14.0;43769.0;B;Male;48.0
111;57.0;85.0;Segment 3;75.0;0.0;0.0;;;A;Female;79.0
112;42.0;82.0;Segment 2;53.0;0.0;0.0;33.0;70625.0;C;Male;47.0
113;63.0;46.0;Segment 2;7.0;1.0;1.0;13.0;77873.0;B;Female;78.0
114;57.0;55.0;Segment 3;1.0;0.0;1.0;12.0;72075.0;A;Male;43.0
115;45.0;100.0;Segment 1;10.0;1.0;;33.0;87243.0;;Male;25.0
116;30.0;100.0;Segment 3;41.0;0.0;0.0;33.0;57913.0;B;Female;32.0
117;20.0;56.0;Segment 1;93.0;0.0;0.0;29.0;30782.0;A;Male;
118;51.0;;Segment 1;63.0;1.0;1.0;5.0;81685.0;B;Female;49.0
119;24.0;81.0;;80.0;0.0;1.0;6.0;50485.0;C;Female;14.0
120;30.0;88.0;;46.0;1.0;1.0;31.0;53721.0;C;Male;81.0
121;50.0;87.0;;36.0;0.0;0.0;16.0;75191.0;C;Female;42.0
122;47.0;93.0;Segment 3;;0.0;0.0;31.0;77401.0;C;Male;76.0
123;26.0;70.0;Segment 1;87.0;0.0;0.0;25.0;19469.0;A;Male;95.0
124;74.0;;Segment 3;78.0;1.0;0.0;33.0;57635.0;B;Female;84.0
125;73.0;0.0;Segment 2;16.0;0.0;0.0;13.0;60949.0;C;Female;95.0
126;58.0;52.0;Segment 3;51.0;1.0;1.0;10.0;66803.0;B;Female;56.0
127;58.0;80.0;Segment 2;48.0;0.0;0.0;24.0;73960.0;B;Female;16.0
128;58.0;41.0;Segment 3;62.0;0.0;1.0;10.0;66824.0;B;Female;93.0
129;100.0;;Segment 2;;0.0;0.0;31.0;33772.0;;Male;86.0
130;70.0;7.0;Segment 3;57.0;0.0;0.0;13.0;64169.0;C;Male;86.0
131;62.0;35.0;Segment 3;54.0;0.0;0.0;3.0;66345.0;B;Female;69.0
132;31.0;98.0;;5.0;0.0;0.0;34.0;49030.0;B;Female;62.0
133;41.0;100.0;Segment 3;6.0;0.0;0.0;28.0;63860.0;;Female;1.0
134;100.0;14.0;Segment 3;18.0;1.0;0.0;19.0;42459.0;B;Male;74.0
135;18.0;54.0;Segment 3;3.0;1.0;;23.0;22450.0;A;Male;9.0
136;37.0;93.0;Segment 1;74.0;0.0;0.0;32.0;60417.0;B;Male;25.0
137;74.0;0.0;Segment 2;72.0;0.0;0.0;13.0;52850.0;C;;55.0
138;32.0;85.0;Segment 1;13.0;0.0;0.0;33.0;53731.0;C;;45.0
139;62.0;27.0;Segment 3;83.0;0.0;0.0;34.0;65694.0;C;Male;1.0
140;47.0;100.0;Segment 3;15.0;0.0;0.0;33.0;72653.0;B;Female;82.0
141;;100.0;Segment 3;30.0;0.0;0.0;5.0;64151.0;A;Female;87.0
142;18.0;43.0;Segment 1;24.0;1.0;0.0;3.0;13615.0;C;Male;
143;50.0;71.0;Segment 3;37.0;0.0;0.0;7.0;80865.0;C;Male;54.0
144;31.0;96.0;Segment 1;25.0;0.0;1.0;24.0;55589.0;A;Female;96.0
145;44.0;100.0;Segment 2;48.0;0.0;0.0;22.0;;A;Male;11.0
146;58.0;67.0;Segment 3;40.0;0.0;0.0;23.0;67646.0;C;Female;73.0
147;67.0;15.0;Segment 3;98.0;;0.0;30.0;67949.0;C;Male;12.0
148;37.0;95.0;Segment 3;5.0;0.0;0.0;18.0;60524.0;C;Male;38.0
149;33.0;;Segment 3;14.0;0.0;0.0;32.0;52429.0;C;Female;58.0
150;24.0;77.0;Segment 1;5.0;1.0;0.0;7.0;;B;Female;73.0
151;69.0;0.0;Segment 3;62.0;0.0;0.0;33.0;;B;Male;0.0
152;100.0;0.0;Segment 2;5.0;0.0;0.0;5.0;40632.0;B;Female;26.0
153;72.0;0.0;Segment 2;83.0;0.0;0.0;28.0;45141.0;A;Male;53.0
154;79.0;5.0;Segment 2;;0.0;0.0;8.0;56713.0;C;Female;53.0
155;32.0;100.0;Segment 1;52.0;0.0;0.0;15.0;53105.0;B;Male;
156;56.0;74.0;Segment 3;56.0;0.0;0.0;4.0;83001.0;B;Male;30.0
157;65.0;21.0;Segment 3;;0.0;0.0;34.0;63801.0;B;Male;54.0
158;18.0;;Segment 3;19.0;0.0;0.0;5.0;;B;Female;18.0
159;27.0;88.0;Segment 1;31.0;0.0;0.0;33.0;45811.0;A;Male;18.0
160;91.0;9.0;Segment 2;59.0;1.0;0.0;5.0;33330.0;A;Male;57.0
161;22.0;72.0;Segment 1;21.0;0.0;0.0;34.0;;A;Male;
162;85.0;44.0;Segment 3;11.0;;0.0;26.0;38141.0;;Male;12.0
163;22.0;62.0;Segment 3;97.0;0.0;0.0;1.0;17540.0;C;Female;12.0
164;28.0;91.0;Segment 1;2.0;0.0;0.0;4.0;12074.0;A;Female;56.0
165;57.0;51.0;Segment 3;80.0;;;;89396.0;A;Male;27.0
166;48.0;98.0;Segment 1;78.0;0.0;0.0;33.0;77332.0;B;Male;39.0
167;38.0;88.0;Segment 3;29.0;0.0;0.0;33.0;71992.0;B;Female;40.0
168;89.0;0.0;Segment 2;13.0;1.0;1.0;;51835.0;A;Male;17.0
169;24.0;75.0;Segment 3;14.0;0.0;0.0;20.0;15735.0;C;Female;0.0
170;43.0;100.0;Segment 2;69.0;0.0;0.0;16.0;69858.0;C;Male;85.0
171;60.0;63.0;;64.0;0.0;0.0;21.0;95571.0;A;Female;71.0
172;53.0;63.0;Segment 2;78.0;1.0;1.0;26.0;95472.0;A;Male;69.0
173;34.0;96.0;Segment 1;93.0;0.0;0.0;23.0;57247.0;C;Female;54.0
174;35.0;89.0;Segment 3;69.0;0.0;0.0;18.0;60950.0;C;Female;70.0
175;67.0;0.0;Segment 3;15.0;;1.0;;59303.0;C;Female;93.0
176;68.0;13.0;Segment 3;24.0;0.0;1.0;12.0;66243.0;A;Male;66.0
177;53.0;76.0;Segment 3;84.0;0.0;0.0;1.0;75727.0;B;Female;26.0
178;30.0;100.0;Segment 3;20.0;1.0;0.0;9.0;38085.0;B;Female;57.0
179;35.0;99.0;Segment 1;7.0;1.0;1.0;3.0;53055.0;A;Male;44.0
180;46.0;78.0;Segment 2;;0.0;1.0;26.0;79219.0;B;Male;55.0
181;49.0;82.0;Segment 2;;0.0;0.0;9.0;75646.0;B;Male;51.0
182;59.0;70.0;Segment 3;92.0;0.0;0.0;16.0;75860.0;B;Male;85.0
183;42.0;100.0;Segment 2;65.0;;0.0;24.0;68343.0;C;Female;65.0
184;66.0;0.0;Segment 2;9.0;0.0;0.0;14.0;59677.0;C;Male;18.0
185;66.0;0.0;Segment 3;94.0;0.0;0.0;3.0;72761.0;;Male;6.0
186;80.0;39.0;Segment 3;25.0;0.0;0.0;34.0;50281.0;C;Male;42.0
187;47.0;97.0;Segment 3;33.0;0.0;0.0;;79985.0;A;Male;1.0
188;54.0;65.0;Segment 1;40.0;1.0;1.0;24.0;88057.0;C;Male;31.0
189;43.0;100.0;Segment 1;5.0;1.0;1.0;9.0;77703.0;A;Male;36.0
190;31.0;72.0;Segment 1;;;;13.0;57767.0;A;Male;37.0
191;100.0;0.0;Segment 2;12.0;0.0;0.0;2.0;37284.0;C;Female;97.0
192;76.0;10.0;Segment 3;40.0;0.0;0.0;7.0;48625.0;B;Female;30.0
193;65.0;41.0;Segment 3;35.0;0.0;0.0;21.0;57121.0;C;Female;26.0
194;46.0;82.0;Segment 3;77.0;;0.0;19.0;76968.0;B;Female;12.0
195;29.0;90.0;Segment 1;80.0;0.0;0.0;25.0;60445.0;A;Female;51.0
196;71.0;0.0;Segment 3;15.0;1.0;1.0;22.0;68720.0;B;Male;15.0
197;43.0;98.0;Segment 1;36.0;1.0;1.0;11.0;80102.0;B;Male;61.0
198;56.0;56.0;Segment 3;37.0;0.0;0.0;33.0;65268.0;B;Male;15.0
199;35.0;92.0;Segment 3;15.0;0.0;;32.0;65079.0;B;;57.0
200;52.0;70.0;Segment 2;79.0;0.0;0.0;21.0;67010.0;C;Female;82.0
201;36.0;100.0;Segment 1;70.0;0.0;0.0;20.0;66377.0;C;Female;4.0
202;37.0;100.0;Segment 3;19.0;0.0;0.0;8.0;62223.0;;Male;41.0
203;51.0;82.0;Segment 3;36.0;0.0;0.0;9.0;;A;Male;
204;21.0;64.0;Segment 3;10.0;1.0;0.0;25.0;8908.0;C;;79.0
205;22.0;;Segment 1;62.0;1.0;1.0;25.0;48466.0;B;Female;46.0
206;32.0;91.0;Segment 3;12.0;0.0;1.0;33.0;45505.0;B;Female;56.0
207;42.0;96.0;Segment 2;98.0;0.0;0.0;2.0;70374.0;B;Male;79.0
208;67.0;63.0;Segment 1;78.0;;1.0;19.0;56365.0;C;Male;55.0
209;43.0;84.0;;39.0;1.0;1.0;20.0;;C;Female;35.0
210;;100.0;Segment 2;57.0;0.0;0.0;29.0;79586.0;C;Female;8.0
211;40.0;100.0;Segment 2;;0.0;1.0;6.0;79188.0;;Male;72.0
212;53.0;83.0;Segment 1;55.0;0.0;1.0;17.0;102800.0;C;Male;87.0
213;30.0;100.0;Segment 1;17.0;1.0;1.0;25.0;48732.0;C;Male;97.0
214;;99.0;Segment 2;37.0;0.0;1.0;4.0;82319.0;B;Male;
215;55.0;78.0;Segment 1;84.0;1.0;1.0;30.0;82263.0;A;Female;79.0
216;51.0;85.0;Segment 3;64.0;0.0;0.0;20.0;85768.0;B;Female;64.0
217;46.0;100.0;Segment 1;65.0;1.0;1.0;3.0;77402.0;A;Female;78.0
218;47.0;100.0;Segment 3;86.0;0.0;1.0;23.0;81009.0;B;Male;43.0
219;58.0;50.0;Segment 2;89.0;0.0;0.0;18.0;;B;Male;59.0
220;100.0;0.0;Segment 2;91.0;0.0;0.0;26.0;36335.0;B;Male;34.0
221;;91.0;Segment 3;;0.0;0.0;8.0;50147.0;C;Female;32.0
222;100.0;0.0;Segment 2;54.0;1.0;1.0;17.0;40495.0;C;Female;75.0
223;;92.0;Segment 3;74.0;0.0;0.0;31.0;54667.0;A;Female;45.0
224;18.0;55.0;Segment 1;75.0;;0.0;33.0;7123.0;A;Male;21.0
225;36.0;;Segment 3;60.0;0.0;0.0;27.0;61629.0;;Male;20.0
226;54.0;76.0;Segment 3;16.0;0.0;0.0;4.0;96321.0;B;Female;85.0
227;100.0;1.0;Segment 3;79.0;0.0;;;50275.0;C;Male;67.0
228;29.0;95.0;Segment 2;72.0;0.0;0.0;26.0;66211.0;B;Female;54.0
229;58.0;27.0;Segment 3;8.0;0.0;0.0;32.0;77797.0;B;Female;40.0
230;23.0;69.0;Segment 1;46.0;;0.0;24.0;37757.0;C;Female;43.0
231;98.0;5.0;Segment 2;17.0;0.0;0.0;35.0;49227.0;C;Female;5.0
232;77.0;26.0;Segment 3;33.0;0.0;;32.0;63500.0;A;Male;45.0
233;37.0;92.0;Segment 1;1.0;1.0;;7.0;54304.0;C;Male;79.0
234;18.0;41.0;Segment 3;40.0;0.0;0.0;33.0;3382.0;B;Male;38.0
235;82.0;13.0;Segment 3;54.0;1.0;1.0;31.0;57291.0;;Male;38.0
236;44.0;88.0;Segment 2;;0.0;0.0;12.0;75351.0;A;Male;1.0
237;78.0;0.0;Segment 3;66.0;0.0;0.0;;44670.0;B;Male;45.0
238;46.0;86.0;Segment 3;83.0;0.0;1.0;24.0;72842.0;B;Female;2.0
239;47.0;90.0;Segment 3;21.0;1.0;1.0;;77259.0;A;Male;57.0
240;37.0;91.0;Segment 3;12.0;;0.0;32.0;57050.0;B;Male;50.0
241;61.0;11.0;Segment 2;85.0;0.0;1.0;22.0;90415.0;C;Male;84.0
242;49.0;100.0;Segment 3;15.0;0.0;0.0;34.0;81189.0;;Female;58.0
243;58.0;78.0;Segment 3;97.0;0.0;0.0;19.0;77138.0;A;Male;32.0
244;20.0;63.0;Segment 1;84.0;0.0;0.0;20.0;35752.0;C;Female;51.0
245;80.0;0.0;Segment 3;50.0;0.0;0.0;14.0;56000.0;A;Male;69.0
246;88.0;0.0;Segment 3;98.0;0.0;0.0;33.0;51224.0;C;Male;9.0
247;49.0;89.0;Segment 3;9.0;0.0;1.0;10.0;86669.0;;Male;62.0
248;100.0;15.0;Segment 3;30.0;0.0;0.0;16.0;35916.0;B;Female;91.0
249;95.0;15.0;Segment 3;63.0;0.0;0.0;;39314.0;A;Female;29.0
250;62.0;28.0;Segment 3;35.0;0.0;1.0;27.0;78365.0;A;Male;62.0
251;82.0;2.0;Segment 3;92.0;0.0;0.0;28.0;42596.0;A;Male;82.0
252;73.0;15.0;Segment 2;6.0;0.0;0.0;16.0;55575.0;A;Male;
253;18.0;56.0;Segment 3;54.0;0.0;0.0;33.0;29095.0;B;Female;71.0
254;41.0;100.0;Segment 3;59.0;0.0;1.0;19.0;75923.0;A;Female;31.0
255;63.0;47.0;Segment 3;65.0;0.0;0.0;21.0;56463.0;B;Male;30.0
256;91.0;2.0;Segment 3;25.0;0.0;0.0;22.0;48361.0;B;Female;66.0
257;22.0;76.0;Segment 1;36.0;0.0;0.0;9.0;27393.0;A;Female;70.0
258;18.0;51.0;Segment 3;84.0;1.0;0.0;9.0;33726.0;A;Female;93.0
259;45.0;85.0;Segment 3;19.0;0.0;0.0;9.0;81895.0;A;Female;22.0
260;18.0;56.0;Segment 1;82.0;0.0;0.0;27.0;47232.0;A;Male;46.0
261;44.0;100.0;Segment 3;56.0;0.0;0.0;17.0;83503.0;C;;
262;;66.0;Segment 3;76.0;0.0;0.0;8.0;91179.0;A;Female;8.0
263;29.0;86.0;Segment 3;71.0;0.0;0.0;16.0;67629.0;C;;40.0
264;45.0;98.0;Segment 3;20.0;0.0;0.0;18.0;79467.0;B;Female;37.0
265;70.0;20.0;Segment 3;56.0;0.0;0.0;33.0;60018.0;B;Male;27.0
266;36.0;98.0;Segment 3;86.0;;0.0;1.0;66251.0;B;Male;
267;31.0;95.0;Segment 1;43.0;1.0;1.0;12.0;54195.0;C;Female;36.0
268;44.0;100.0;Segment 1;96.0;0.0;1.0;6.0;75191.0;A;Female;98.0
269;27.0;92.0;Segment 1;45.0;0.0;0.0;;47570.0;A;Female;78.0
270;100.0;;;14.0;0.0;0.0;16.0;40682.0;B;Female;7.0
271;47.0;100.0;Segment 3;38.0;0.0;0.0;18.0;75764.0;A;Male;87.0
272;33.0;86.0;Segment 3;95.0;;0.0;18.0;61575.0;B;Male;63.0
273;51.0;90.0;Segment 3;31.0;0.0;1.0;1.0;82219.0;B;Male;89.0
274;;100.0;Segment 3;86.0;0.0;0.0;19.0;86979.0;B;Male;34.0
275;42.0;94.0;Segment 1;88.0;0.0;1.0;8.0;;B;Male;46.0
276;36.0;88.0;Segment 3;35.0;;0.0;3.0;59103.0;B;Male;89.0
277;;90.0;Segment 3;8.0;0.0;0.0;25.0;;C;Female;27.0
278;20.0;54.0;;72.0;1.0;0.0;5.0;43991.0;B;Female;91.0
279;82.0;0.0;Segment 2;;1.0;1.0;19.0;50011.0;B;Male;82.0
280;60.0;44.0;Segment 3;78.0;0.0;0.0;18.0;77571.0;B;Male;98.0
281;53.0;61.0;Segment 3;44.0;;0.0;31.0;72447.0;C;Male;32.0
282;;96.0;;48.0;0.0;0.0;33.0;69515.0;B;Female;23.0
283;28.0;94.0;Segment 3;77.0;0.0;0.0;18.0;48560.0;B;Female;33.0
284;32.0;86.0;Segment 3;;;1.0;16.0;46009.0;C;Female;95.0
285;22.0;77.0;Segment 3;44.0;0.0;0.0;16.0;22921.0;B;Female;33.0
286;34.0;99.0;Segment 2;37.0;0.0;1.0;7.0;59909.0;A;Male;56.0
287;;89.0;Segment 1;;0.0;0.0;14.0;24570.0;C;Female;40.0
288;93.0;0.0;Segment 3;52.0;0.0;0.0;25.0;54963.0;A;Male;
289;68.0;31.0;Segment 3;80.0;0.0;0.0;32.0;72576.0;C;Female;19.0
290;48.0;78.0;Segment 3;36.0;0.0;1.0;22.0;72908.0;C;Female;53.0
291;30.0;98.0;Segment 1;52.0;0.0;0.0;16.0;43585.0;C;Female;84.0
292;27.0;86.0;Segment 1;67.0;0.0;0.0;29.0;7211.0;A;Female;4.0
293;42.0;100.0;Segment 1;26.0;0.0;0.0;16.0;69803.0;B;Male;88.0
294;69.0;0.0;Segment 2;27.0;0.0;1.0;12.0;67383.0;B;Male;66.0
295;22.0;64.0;Segment 1;93.0;0.0;0.0;17.0;;;Male;61.0
296;59.0;63.0;Segment 1;72.0;0.0;0.0;27.0;80085.0;A;Male;62.0
297;33.0;87.0;Segment 3;57.0;0.0;0.0;25.0;47511.0;B;Male;29.0
298;36.0;100.0;Segment 1;64.0;0.0;0.0;13.0;65876.0;B;Male;41.0
299;47.0;76.0;Segment 3;2.0;0.0;1.0;8.0;77258.0;A;Male;79.0
300;30.0;;Segment 3;61.0;0.0;0.0;5.0;48307.0;B;Female;
301;41.0;84.0;Segment 3;50.0;0.0;0.0;;71532.0;C;Male;47.0
302;29.0;93.0;Segment 1;54.0;0.0;1.0;3.0;26900.0;C;Female;1.0
303;35.0;100.0;Segment 3;35.0;0.0;0.0;35.0;53898.0;C;Male;73.0
304;64.0;19.0;Segment 3;8.0;;1.0;33.0;76861.0;B;Female;41.0
305;48.0;98.0;Segment 3;19.0;0.0;0.0;22.0;82760.0;;Male;52.0
306;64.0;35.0;Segment 3;95.0;0.0;0.0;9.0;77519.0;C;;11.0
307;33.0;90.0;Segment 3;40.0;0.0;0.0;;56746.0;A;Male;99.0
308;;34.0;Segment 3;46.0;;0.0;29.0;76231.0;A;Male;30.0
309;19.0;45.0;Segment 3;5.0;0.0;0.0;27.0;;B;Male;
310;47.0;96.0;Segment 3;3.0;1.0;1.0;17.0;78682.0;B;Male;58.0
311;61.0;21.0;Segment 2;71.0;0.0;0.0;34.0;73467.0;B;Female;78.0
312;19.0;;Segment 3;53.0;0.0;0.0;3.0;54300.0;B;;29.0
313;33.0;;Segment 1;50.0;0.0;1.0;5.0;58558.0;C;Male;75.0
314;47.0;100.0;Segment 3;24.0;0.0;1.0;14.0;87714.0;B;Female;
315;71.0;4.0;Segment 3;74.0;0.0;1.0;3.0;63100.0;A;Male;41.0
316;35.0;;Segment 3;16.0;0.0;1.0;23.0;56107.0;C;Female;67.0
317;59.0;65.0;Segment 3;18.0;0.0;0.0;30.0;77335.0;A;;78.0
318;;7.0;Segment 3;46.0;0.0;1.0;23.0;46908.0;C;Male;66.0
319;60.0;54.0;;28.0;0.0;1.0;27.0;67574.0;A;Male;89.0
320;42.0;100.0;Segment 2;24.0;1.0;;10.0;71794.0;;Female;28.0
321;55.0;51.0;Segment 3;64.0;0.0;;25.0;78761.0;A;Male;90.0
322;34.0;100.0;Segment 1;65.0;0.0;0.0;13.0;65433.0;A;Female;13.0
323;48.0;98.0;Segment 3;82.0;0.0;0.0;16.0;70361.0;;Male;65.0
324;43.0;85.0;Segment 3;41.0;0.0;0.0;34.0;81329.0;B;Male;54.0
325;54.0;73.0;Segment 2;7.0;0.0;0.0;22.0;73531.0;C;Female;49.0
326;38.0;96.0;Segment 2;27.0;1.0;1.0;17.0;59314.0;B;Male;31.0
327;55.0;71.0;Segment 2;98.0;0.0;1.0;23.0;89846.0;C;Male;50.0
328;38.0;100.0;Segment 3;59.0;0.0;0.0;9.0;69834.0;B;Male;16.0
329;68.0;41.0;Segment 3;;;0.0;2.0;72821.0;B;Female;36.0
330;39.0;100.0;Segment 3;0.0;0.0;0.0;32.0;72215.0;;Male;9.0
331;18.0;44.0;Segment 2;51.0;0.0;0.0;22.0;;A;Female;57.0
332;;92.0;Segment 1;3.0;1.0;1.0;13.0;52103.0;A;Male;9.0
333;47.0;100.0;Segment 1;56.0;;0.0;8.0;79251.0;C;Female;16.0
334;93.0;9.0;Segment 2;92.0;0.0;1.0;1.0;44864.0;C;Male;8.0
335;66.0;41.0;Segment 3;96.0;0.0;;17.0;75884.0;C;Male;38.0
336;18.0;59.0;Segment 3;54.0;0.0;0.0;;11423.0;C;Female;84.0
337;21.0;69.0;Segment 3;45.0;0.0;1.0;4.0;19117.0;A;Male;90.0
338;75.0;9.0;Segment 3;94.0;0.0;0.0;13.0;50705.0;C;;7.0
339;61.0;60.0;;67.0;0.0;0.0;;56850.0;B;Male;63.0
340;100.0;3.0;Segment 3;6.0;0.0;0.0;7.0;42067.0;C;Female;68.0
341;37.0;97.0;Segment 3;46.0;0.0;0.0;23.0;54631.0;B;Male;53.0
342;30.0;88.0;Segment 2;24.0;1.0;0.0;24.0;48512.0;B;Female;66.0
343;48.0;100.0;Segment 3;46.0;0.0;1.0;5.0;85091.0;B;Male;23.0
344;37.0;89.0;Segment 1;45.0;0.0;0.0;5.0;61677.0;A;Female;48.0
345;72.0;;Segment 3;58.0;0.0;0.0;17.0;70354.0;A;Female;39.0
346;36.0;100.0;Segment 1;35.0;1.0;1.0;30.0;54584.0;C;Male;8.0
347;41.0;82.0;Segment 2;16.0;0.0;0.0;9.0;77953.0;C;Female;62.0
348;28.0;90.0;Segment 1;50.0;0.0;0.0;;53849.0;A;Female;49.0
349;65.0;0.0;Segment 3;83.0;0.0;0.0;25.0;53802.0;C;Male;27.0
350;29.0;94.0;Segment 3;66.0;0.0;0.0;19.0;86635.0;B;Male;47.0
351;56.0;81.0;Segment 2;33.0;1.0;0.0;16.0;79111.0;B;Male;77.0
352;100.0;0.0;Segment 2;;0.0;1.0;21.0;33943.0;A;Male;80.0
353;18.0;;Segment 3;91.0;0.0;0.0;2.0;2007.0;C;;64.0
354;87.0;42.0;Segment 3;20.0;0.0;0.0;10.0;42307.0;C;Male;46.0
355;52.0;76.0;Segment 3;3.0;1.0;1.0;16.0;;B;Female;57.0
356;26.0;76.0;Segment 3;;0.0;0.0;15.0;40844.0;B;Female;38.0
357;49.0;100.0;;82.0;0.0;0.0;13.0;79812.0;A;Female;12.0
358;64.0;62.0;Segment 3;96.0;0.0;0.0;13.0;;B;Male;38.0
359;31.0;92.0;Segment 1;88.0;0.0;0.0;32.0;48596.0;;Male;53.0
360;57.0;78.0;Segment 3;60.0;0.0;0.0;8.0;63202.0;A;Female;59.0
361;90.0;30.0;Segment 3;53.0;0.0;0.0;;41752.0;C;Female;93.0
362;36.0;89.0;Segment 3;2.0;0.0;0.0;26.0;50049.0;C;Male;77.0
363;28.0;84.0;Segment 1;24.0;0.0;0.0;10.0;49029.0;B;Female;15.0
364;44.0;100.0;Segment 3;45.0;0.0;0.0;31.0;71839.0;A;Male;17.0
365;47.0;100.0;Segment 3;62.0;0.0;0.0;33.0;80851.0;B;Male;10.0
366;74.0;16.0;Segment 3;55.0;0.0;0.0;29.0;64875.0;C;Female;73.0
367;43.0;86.0;Segment 1;74.0;0.0;0.0;5.0;70556.0;C;Male;70.0
368;38.0;100.0;Segment 3;27.0;0.0;1.0;13.0;71481.0;C;Male;98.0
369;28.0;84.0;Segment 1;56.0;0.0;0.0;1.0;37221.0;;Male;52.0
370;19.0;;Segment 1;8.0;1.0;0.0;23.0;51302.0;C;Male;82.0
371;23.0;;;41.0;0.0;0.0;3.0;27465.0;A;Female;57.0
372;23.0;81.0;Segment 3;75.0;;1.0;3.0;20335.0;A;Male;87.0
373;41.0;100.0;Segment 3;69.0;0.0;1.0;7.0;75433.0;B;Male;72.0
374;21.0;66.0;Segment 1;99.0;0.0;;35.0;22358.0;B;Female;64.0
375;45.0;100.0;Segment 3;27.0;0.0;0.0;;73803.0;C;Male;56.0
376;99.0;1.0;Segment 2;49.0;0.0;0.0;3.0;;C;Male;72.0
377;75.0;15.0;Segment 3;32.0;0.0;1.0;29.0;52820.0;A;Female;41.0
378;41.0;70.0;Segment 3;44.0;;0.0;30.0;78708.0;A;Female;9.0
379;100.0;0.0;Segment 2;85.0;1.0;0.0;18.0;25490.0;B;Male;3.0
380;47.0;95.0;Segment 3;68.0;0.0;0.0;11.0;80149.0;A;Male;47.0
381;51.0;71.0;Segment 3;88.0;0.0;0.0;1.0;86776.0;B;Female;59.0
382;43.0;100.0;Segment 1;20.0;1.0;0.0;29.0;76267.0;C;Male;7.0
383;45.0;92.0;Segment 3;87.0;0.0;1.0;10.0;84560.0;C;Male;
384;35.0;100.0;Segment 1;5.0;1.0;1.0;28.0;59291.0;B;Male;32.0
385;41.0;100.0;Segment 3;88.0;;0.0;31.0;71074.0;C;Female;56.0
386;87.0;0.0;Segment 2;32.0;0.0;;19.0;48806.0;B;Male;27.0
387;79.0;0.0;Segment 3;31.0;1.0;1.0;3.0;49933.0;A;Female;9.0
388;18.0;49.0;Segment 3;51.0;0.0;0.0;15.0;;B;Female;16.0
389;22.0;66.0;Segment 1;94.0;;0.0;33.0;38641.0;B;Female;17.0
390;31.0;94.0;Segment 1;4.0;1.0;0.0;26.0;47272.0;C;Female;
391;69.0;1.0;Segment 3;35.0;0.0;0.0;16.0;56362.0;A;Male;28.0
392;79.0;0.0;Segment 3;85.0;0.0;0.0;33.0;44915.0;B;Female;71.0
393;64.0;40.0;Segment 3;39.0;0.0;0.0;20.0;79943.0;B;;56.0
394;26.0;87.0;Segment 1;19.0;1.0;0.0;13.0;0.0;C;Female;97.0
395;36.0;89.0;Segment 3;42.0;0.0;0.0;33.0;63864.0;B;Female;27.0
396;58.0;72.0;Segment 3;38.0;0.0;0.0;5.0;77876.0;C;Male;15.0
397;;90.0;Segment 1;91.0;0.0;0.0;14.0;63593.0;;Female;5.0
398;39.0;99.0;Segment 1;76.0;0.0;0.0;27.0;69760.0;A;Female;24.0
399;39.0;;Segment 3;;0.0;0.0;23.0;70590.0;B;Male;68.0
400;76.0;3.0;Segment 2;;0.0;0.0;;56779.0;;Female;8.0
401;60.0;56.0;Segment 2;46.0;0.0;0.0;4.0;;B;Female;24.0
402;40.0;91.0;Segment 3;5.0;0.0;0.0;19.0;76989.0;C;Female;85.0
403;54.0;74.0;Segment 3;26.0;0.0;1.0;4.0;75123.0;A;Male;58.0
404;24.0;75.0;Segment 1;43.0;0.0;1.0;30.0;;A;Female;6.0
405;36.0;89.0;Segment 3;15.0;0.0;0.0;19.0;65592.0;C;Male;4.0
406;73.0;3.0;Segment 2;94.0;0.0;0.0;31.0;48603.0;C;Male;6.0
407;20.0;52.0;Segment 1;76.0;0.0;0.0;;;C;Male;94.0
408;61.0;37.0;Segment 2;;0.0;0.0;9.0;70603.0;B;Female;84.0
409;18.0;48.0;Segment 3;;0.0;0.0;13.0;0.0;C;Female;84.0
410;93.0;0.0;Segment 2;72.0;;0.0;14.0;;C;Female;92.0
411;35.0;94.0;Segment 1;94.0;0.0;0.0;10.0;55788.0;C;Female;50.0
412;55.0;72.0;Segment 3;88.0;0.0;0.0;31.0;73571.0;B;Male;
413;49.0;95.0;Segment 3;51.0;0.0;0.0;23.0;79286.0;B;Male;40.0
414;49.0;100.0;Segment 3;77.0;0.0;0.0;27.0;82662.0;C;Female;71.0
415;53.0;71.0;Segment 3;56.0;0.0;1.0;6.0;81007.0;B;Female;87.0
416;18.0;44.0;Segment 1;55.0;1.0;;;31335.0;B;Male;43.0
417;50.0;74.0;Segment 3;11.0;0.0;0.0;2.0;70923.0;B;;53.0
418;42.0;91.0;Segment 3;12.0;;0.0;13.0;70004.0;B;Female;93.0
419;35.0;;Segment 3;52.0;0.0;0.0;19.0;59083.0;B;Female;10.0
420;31.0;86.0;Segment 1;26.0;1.0;1.0;1.0;60024.0;A;Female;86.0
421;51.0;69.0;Segment 2;2.0;;0.0;32.0;80867.0;C;Female;15.0
422;28.0;84.0;Segment 1;72.0;0.0;0.0;22.0;60000.0;B;Female;
423;72.0;11.0;;3.0;1.0;1.0;29.0;57245.0;B;Male;21.0
424;57.0;73.0;Segment 1;59.0;1.0;0.0;2.0;74812.0;A;Male;60.0
425;52.0;75.0;Segment 3;53.0;0.0;0.0;;79744.0;A;Male;
426;71.0;2.0;Segment 3;96.0;0.0;;17.0;56973.0;A;Male;38.0
427;18.0;45.0;Segment 3;48.0;;1.0;;32168.0;C;Female;86.0
428;24.0;76.0;Segment 3;6.0;0.0;0.0;22.0;55644.0;A;Female;65.0
429;58.0;47.0;Segment 3;55.0;0.0;0.0;4.0;80479.0;C;Male;72.0
430;32.0;98.0;Segment 3;84.0;0.0;0.0;11.0;58765.0;A;Male;15.0
431;34.0;80.0;Segment 1;99.0;;0.0;;52581.0;A;Male;88.0
432;22.0;66.0;Segment 3;43.0;0.0;0.0;9.0;24679.0;A;Male;16.0
433;28.0;90.0;Segment 1;32.0;0.0;0.0;26.0;32858.0;A;Male;22.0
434;73.0;10.0;Segment 3;90.0;0.0;1.0;2.0;58132.0;C;Female;12.0
435;58.0;98.0;Segment 3;19.0;0.0;0.0;16.0;74730.0;;Female;44.0
436;50.0;92.0;Segment 3;61.0;0.0;0.0;;87477.0;B;;88.0
437;35.0;87.0;Segment 1;40.0;1.0;1.0;6.0;55008.0;A;Male;25.0
438;49.0;88.0;Segment 3;4.0;;0.0;21.0;81516.0;A;Female;37.0
439;76.0;0.0;Segment 2;34.0;0.0;0.0;;;B;Female;84.0
440;33.0;94.0;Segment 2;26.0;0.0;0.0;19.0;44797.0;C;Female;61.0
441;45.0;85.0;Segment 3;68.0;0.0;0.0;28.0;88619.0;A;Male;75.0
442;96.0;;Segment 3;94.0;0.0;0.0;8.0;39251.0;C;Female;21.0
443;63.0;26.0;Segment 3;26.0;0.0;1.0;14.0;54484.0;B;Male;71.0
444;35.0;95.0;Segment 1;81.0;0.0;0.0;24.0;60454.0;A;Male;22.0
445;61.0;35.0;Segment 3;;0.0;0.0;26.0;73954.0;B;;98.0
446;20.0;68.0;Segment 3;53.0;;0.0;31.0;;A;Female;55.0
447;45.0;91.0;Segment 3;7.0;0.0;0.0;32.0;;C;Female;69.0
448;61.0;72.0;Segment 3;93.0;0.0;0.0;2.0;79666.0;;Male;11.0
449;55.0;;Segment 1;76.0;0.0;0.0;25.0;82790.0;C;Female;25.0
450;61.0;52.0;Segment 1;;0.0;0.0;2.0;77288.0;A;;13.0
451;67.0;25.0;Segment 3;82.0;0.0;0.0;1.0;63515.0;C;Male;39.0
452;57.0;70.0;Segment 3;64.0;0.0;0.0;12.0;92886.0;A;Female;28.0
453;56.0;41.0;Segment 3;96.0;0.0;1.0;9.0;67788.0;C;Female;73.0
454;51.0;82.0;Segment 1;71.0;0.0;0.0;28.0;82894.0;C;Male;10.0
455;26.0;88.0;Segment 3;;0.0;0.0;33.0;40280.0;C;;
456;73.0;6.0;Segment 3;51.0;0.0;0.0;22.0;62122.0;B;Male;4.0
457;45.0;79.0;;11.0;0.0;1.0;25.0;73791.0;C;Male;20.0
458;62.0;39.0;Segment 2;52.0;0.0;;18.0;58264.0;B;Male;79.0
459;70.0;41.0;Segment 3;12.0;1.0;1.0;6.0;61015.0;A;Female;74.0
460;36.0;;Segment 3;59.0;0.0;0.0;18.0;63293.0;B;Female;47.0
461;37.0;96.0;Segment 2;48.0;0.0;0.0;16.0;71510.0;A;Male;4.0
462;40.0;100.0;Segment 3;62.0;1.0;1.0;15.0;63805.0;C;Female;60.0
463;79.0;0.0;Segment 3;1.0;0.0;0.0;8.0;58376.0;A;Female;40.0
464;29.0;77.0;Segment 3;19.0;0.0;1.0;13.0;81485.0;B;Male;31.0
465;85.0;0.0;Segment 3;49.0;0.0;0.0;7.0;41996.0;C;Male;64.0
466;51.0;100.0;Segment 2;95.0;;0.0;17.0;71450.0;B;Male;43.0
467;52.0;79.0;Segment 3;38.0;0.0;0.0;32.0;78462.0;B;Female;9.0
468;68.0;12.0;Segment 2;42.0;0.0;0.0;;62897.0;A;Male;91.0
469;48.0;87.0;Segment 3;71.0;0.0;0.0;13.0;83584.0;B;Female;77.0
470;73.0;41.0;Segment 3;;0.0;0.0;23.0;50885.0;A;Female;5.0
471;36.0;100.0;Segment 3;29.0;0.0;0.0;29.0;69662.0;C;Female;52.0
472;84.0;47.0;Segment 3;41.0;0.0;0.0;22.0;36648.0;C;Female;
473;37.0;95.0;Segment 1;21.0;1.0;1.0;1.0;55366.0;C;Male;83.0
474;85.0;6.0;;96.0;0.0;0.0;29.0;53872.0;A;Female;61.0
475;38.0;82.0;Segment 3;13.0;0.0;0.0;5.0;54802.0;A;Male;17.0
476;40.0;100.0;Segment 1;37.0;0.0;0.0;35.0;69137.0;A;Female;
477;28.0;79.0;Segment 3;2.0;0.0;0.0;10.0;;A;Male;3.0
478;31.0;94.0;Segment 1;22.0;0.0;0.0;19.0;;A;Male;50.0
479;45.0;82.0;Segment 2;78.0;0.0;0.0;7.0;72407.0;B;Male;73.0
480;51.0;78.0;Segment 3;20.0;0.0;;35.0;81318.0;A;Female;12.0
481;;0.0;Segment 2;8.0;1.0;1.0;13.0;57914.0;B;Female;22.0
482;42.0;90.0;Segment 3;47.0;0.0;;10.0;74519.0;C;Female;32.0
483;26.0;79.0;Segment 1;0.0;1.0;;2.0;49238.0;B;Male;21.0
484;55.0;65.0;Segment 2;8.0;0.0;0.0;6.0;72094.0;B;Female;39.0
485;50.0;98.0;Segment 2;80.0;0.0;0.0;8.0;95139.0;B;;55.0
486;58.0;43.0;Segment 3;77.0;0.0;1.0;25.0;79563.0;B;Female;68.0
487;34.0;97.0;Segment 2;;0.0;0.0;7.0;61039.0;A;Male;96.0
488;36.0;100.0;Segment 3;85.0;0.0;0.0;23.0;58746.0;B;Female;93.0
489;34.0;91.0;Segment 1;68.0;0.0;0.0;;63837.0;B;Female;57.0
490;77.0;0.0;Segment 2;5.0;0.0;0.0;22.0;48961.0;C;;73.0
491;84.0;0.0;Segment 2;78.0;0.0;0.0;13.0;47784.0;C;Male;95.0
492;35.0;100.0;Segment 3;84.0;0.0;;21.0;54998.0;B;Male;8.0
493;35.0;97.0;Segment 3;79.0;0.0;0.0;1.0;54678.0;B;Male;0.0
494;61.0;36.0;Segment 2;50.0;0.0;0.0;19.0;79192.0;A;Male;2.0
495;88.0;11.0;;23.0;0.0;0.0;33.0;40108.0;;Male;56.0
496;97.0;0.0;Segment 3;84.0;0.0;0.0;4.0;34524.0;B;Female;76.0
497;34.0;100.0;Segment 1;72.0;0.0;0.0;3.0;54189.0;A;Female;36.0
498;38.0;100.0;Segment 3;;0.0;0.0;27.0;69670.0;A;Male;54.0
499;;76.0;Segment 1;15.0;0.0;0.0;35.0;76433.0;A;Female;
500;54.0;65.0;Segment 3;22.0;0.0;0.0;28.0;80084.0;C;;9.0
501;42.0;87.0;Segment 3;21.0;0.0;0.0;6.0;73791.0;A;Female;
502;31.0;96.0;Segment 3;79.0;0.0;0.0;6.0;40948.0;B;Male;1.0
503;45.0;100.0;Segment 3;18.0;0.0;0.0;23.0;70655.0;B;Male;11.0
504;97.0;0.0;Segment 2;6.0;0.0;0.0;33.0;44045.0;B;Female;81.0
505;36.0;100.0;Segment 3;99.0;0.0;0.0;16.0;58201.0;C;Female;82.0
506;51.0;59.0;Segment 2;2.0;0.0;0.0;24.0;90231.0;C;Female;80.0
507;100.0;0.0;Segment 2;83.0;0.0;0.0;5.0;48697.0;B;Female;72.0
508;36.0;96.0;;;0.0;1.0;13.0;65482.0;A;Female;79.0
509;63.0;21.0;;84.0;0.0;0.0;12.0;85243.0;B;;67.0
510;99.0;0.0;Segment 3;55.0;0.0;0.0;5.0;40415.0;C;Female;66.0
511;60.0;39.0;Segment 2;90.0;0.0;1.0;31.0;80279.0;B;Female;66.0
512;74.0;11.0;Segment 3;92.0;0.0;0.0;28.0;49687.0;C;Male;51.0
513;66.0;20.0;Segment 3;0.0;0.0;0.0;28.0;85555.0;A;Female;36.0
514;58.0;27.0;Segment 2;;1.0;1.0;30.0;93471.0;B;Female;73.0
515;83.0;0.0;Segment 2;25.0;0.0;0.0;;46257.0;A;Male;29.0
516;62.0;30.0;Segment 2;66.0;0.0;0.0;27.0;75306.0;C;Male;54.0
517;43.0;100.0;Segment 2;88.0;0.0;1.0;35.0;82097.0;A;Male;43.0
518;49.0;56.0;Segment 3;45.0;0.0;0.0;26.0;;B;Male;27.0
519;55.0;;Segment 3;60.0;0.0;0.0;;75154.0;A;Female;97.0
520;38.0;92.0;Segment 3;18.0;0.0;0.0;33.0;70545.0;B;Female;25.0
521;50.0;100.0;Segment 3;80.0;0.0;0.0;25.0;82266.0;B;Male;30.0
522;47.0;88.0;Segment 3;96.0;0.0;0.0;31.0;80949.0;A;Male;16.0
523;62.0;46.0;;26.0;0.0;1.0;2.0;65539.0;C;Female;82.0
524;100.0;3.0;Segment 2;49.0;0.0;0.0;33.0;27221.0;C;Female;58.0
525;52.0;55.0;;8.0;0.0;0.0;32.0;83607.0;B;Female;61.0
526;89.0;17.0;;55.0;0.0;1.0;18.0;50524.0;B;Female;82.0
527;;48.0;Segment 3;50.0;0.0;1.0;17.0;71880.0;B;Male;34.0
528;50.0;;Segment 2;14.0;0.0;0.0;34.0;93130.0;;Female;19.0
529;37.0;100.0;Segment 1;44.0;0.0;0.0;7.0;60542.0;B;Male;19.0
530;50.0;61.0;Segment 3;33.0;1.0;0.0;35.0;73201.0;B;Male;73.0
531;49.0;;Segment 3;52.0;0.0;0.0;30.0;80965.0;B;Male;61.0
532;33.0;92.0;Segment 3;;0.0;0.0;12.0;54710.0;A;Female;20.0
533;35.0;98.0;Segment 2;0.0;0.0;0.0;35.0;63513.0;A;;14.0
534;55.0;72.0;Segment 3;76.0;0.0;0.0;11.0;74207.0;A;Female;12.0
535;89.0;0.0;Segment 2;71.0;0.0;0.0;4.0;;B;Male;62.0
536;45.0;88.0;Segment 1;36.0;1.0;1.0;25.0;87845.0;C;Female;0.0
537;21.0;66.0;Segment 1;5.0;1.0;1.0;32.0;28308.0;C;Male;
538;18.0;43.0;Segment 3;75.0;0.0;0.0;20.0;41859.0;A;Male;38.0
539;27.0;90.0;Segment 1;95.0;0.0;0.0;31.0;25650.0;C;Female;69.0
540;63.0;28.0;Segment 3;24.0;0.0;1.0;4.0;79286.0;B;Female;69.0
541;24.0;70.0;Segment 1;32.0;0.0;0.0;;50734.0;C;Male;43.0
542;68.0;9.0;Segment 2;18.0;0.0;1.0;3.0;69692.0;C;Male;69.0
543;62.0;59.0;Segment 3;57.0;0.0;0.0;22.0;72089.0;C;Female;52.0
544;44.0;89.0;Segment 3;15.0;0.0;1.0;17.0;61965.0;;Male;97.0
545;20.0;61.0;Segment 1;35.0;1.0;0.0;14.0;17304.0;A;Female;16.0
546;33.0;88.0;Segment 3;69.0;0.0;0.0;35.0;51994.0;A;Female;60.0
547;41.0;100.0;Segment 3;56.0;0.0;0.0;13.0;67106.0;C;Male;49.0
548;;86.0;Segment 3;38.0;0.0;0.0;35.0;82003.0;B;Female;19.0
549;24.0;87.0;Segment 3;42.0;0.0;0.0;2.0;28740.0;C;Male;74.0
550;85.0;0.0;Segment 2;56.0;0.0;0.0;13.0;38421.0;B;;27.0
551;54.0;85.0;Segment 3;;0.0;0.0;16.0;72554.0;C;;38.0
552;57.0;65.0;Segment 1;7.0;1.0;1.0;18.0;72957.0;A;Male;37.0
553;61.0;;Segment 3;88.0;0.0;0.0;7.0;82658.0;A;;24.0
554;81.0;0.0;Segment 3;7.0;0.0;0.0;30.0;42239.0;B;Male;43.0
555;51.0;95.0;Segment 1;70.0;0.0;1.0;7.0;77658.0;B;Female;47.0
556;63.0;32.0;Segment 3;92.0;0.0;0.0;15.0;67031.0;B;Female;74.0
557;33.0;94.0;Segment 3;27.0;0.0;0.0;19.0;56818.0;C;Female;76.0
558;97.0;2.0;Segment 2;37.0;0.0;0.0;2.0;45005.0;A;Female;15.0
559;49.0;92.0;Segment 3;56.0;0.0;0.0;13.0;66078.0;B;Male;59.0
560;33.0;;Segment 3;88.0;0.0;0.0;31.0;60231.0;C;Female;89.0
561;37.0;98.0;Segment 3;94.0;0.0;0.0;16.0;71243.0;A;Female;10.0
562;18.0;57.0;Segment 3;73.0;0.0;0.0;6.0;7361.0;C;Female;47.0
563;37.0;100.0;Segment 3;8.0;0.0;0.0;28.0;59200.0;C;Male;75.0
564;18.0;53.0;Segment 3;66.0;1.0;0.0;32.0;16360.0;A;Male;61.0
565;65.0;19.0;Segment 3;41.0;0.0;0.0;;61482.0;A;Male;10.0
566;56.0;56.0;Segment 3;47.0;1.0;1.0;18.0;81413.0;B;Male;39.0
567;28.0;94.0;Segment 1;4.0;1.0;0.0;4.0;14524.0;C;Female;50.0
568;45.0;100.0;Segment 3;19.0;0.0;1.0;9.0;72421.0;B;Female;99.0
569;46.0;100.0;Segment 3;79.0;0.0;0.0;7.0;86809.0;B;Female;17.0
570;25.0;;Segment 1;45.0;1.0;1.0;8.0;23223.0;C;Male;98.0
571;42.0;94.0;Segment 3;30.0;0.0;0.0;;79933.0;A;Male;37.0
572;47.0;73.0;Segment 3;38.0;0.0;0.0;3.0;81811.0;;Female;20.0
573;41.0;92.0;Segment 1;85.0;0.0;0.0;17.0;62951.0;C;Female;41.0
574;33.0;100.0;Segment 3;74.0;0.0;0.0;2.0;58300.0;B;Female;61.0
575;28.0;84.0;Segment 1;27.0;0.0;0.0;15.0;;C;Male;21.0
576;40.0;100.0;;11.0;0.0;0.0;29.0;67880.0;B;Female;29.0
577;35.0;;Segment 1;25.0;0.0;0.0;22.0;60888.0;A;Female;85.0
578;60.0;54.0;Segment 3;92.0;0.0;0.0;4.0;78885.0;B;;99.0
579;83.0;0.0;Segment 3;58.0;0.0;0.0;6.0;51823.0;B;Male;31.0
580;69.0;15.0;Segment 2;53.0;1.0;1.0;26.0;70678.0;A;Female;14.0
581;47.0;57.0;Segment 3;59.0;0.0;0.0;11.0;82074.0;C;Male;79.0
582;34.0;93.0;Segment 3;36.0;1.0;0.0;26.0;50526.0;A;Female;60.0
583;68.0;0.0;Segment 2;80.0;0.0;0.0;17.0;58995.0;C;Female;10.0
584;61.0;63.0;Segment 3;52.0;0.0;0.0;24.0;97231.0;B;;94.0
585;81.0;17.0;Segment 3;11.0;0.0;0.0;28.0;53323.0;A;Female;7.0
586;51.0;91.0;Segment 3;12.0;0.0;0.0;35.0;100731.0;C;Male;62.0
587;95.0;36.0;Segment 3;53.0;0.0;0.0;31.0;52860.0;C;Male;42.0
588;51.0;73.0;Segment 1;93.0;0.0;1.0;13.0;;B;;55.0
589;;100.0;Segment 1;30.0;0.0;0.0;35.0;56630.0;A;Female;21.0
590;36.0;100.0;Segment 3;86.0;1.0;1.0;16.0;61704.0;A;Female;68.0
591;58.0;56.0;Segment 3;76.0;;0.0;15.0;63700.0;B;Female;95.0
592;35.0;100.0;Segment 1;24.0;1.0;1.0;18.0;59753.0;A;Male;45.0
593;94.0;0.0;Segment 2;3.0;0.0;0.0;27.0;51583.0;B;Male;52.0
594;56.0;57.0;Segment 3;10.0;1.0;1.0;35.0;74824.0;C;Female;23.0
595;47.0;85.0;Segment 3;72.0;0.0;0.0;35.0;82094.0;B;Male;89.0
596;49.0;83.0;Segment 3;19.0;1.0;1.0;;85559.0;;Male;97.0
597;41.0;86.0;Segment 3;37.0;0.0;1.0;9.0;67448.0;B;Male;78.0
598;19.0;60.0;Segment 3;50.0;1.0;0.0;12.0;18234.0;B;Male;54.0
599;36.0;94.0;Segment 1;72.0;0.0;1.0;15.0;56797.0;C;Female;95.0
600;89.0;8.0;Segment 3;11.0;0.0;0.0;21.0;36707.0;B;Male;15.0
601;;78.0;Segment 3;40.0;;0.0;35.0;71476.0;C;Female;47.0
602;73.0;0.0;Segment 3;48.0;0.0;0.0;33.0;48413.0;A;Male;53.0
603;74.0;10.0;Segment 3;54.0;0.0;1.0;19.0;65718.0;A;Female;49.0
604;;73.0;Segment 1;81.0;1.0;1.0;23.0;73433.0;C;Female;80.0
605;62.0;39.0;Segment 2;17.0;1.0;1.0;13.0;73225.0;B;Male;67.0
606;20.0;53.0;Segment 3;80.0;0.0;0.0;1.0;19387.0;C;Female;12.0
607;86.0;43.0;Segment 3;69.0;0.0;0.0;29.0;53951.0;C;Female;34.0
608;83.0;19.0;Segment 2;55.0;0.0;1.0;24.0;56651.0;A;Male;33.0
609;58.0;61.0;Segment 1;69.0;0.0;1.0;;84515.0;B;Female;56.0
610;52.0;99.0;Segment 1;41.0;1.0;1.0;25.0;84167.0;B;Male;29.0
611;46.0;84.0;Segment 3;13.0;0.0;;23.0;77958.0;B;Female;11.0
612;76.0;14.0;Segment 2;66.0;0.0;0.0;28.0;42527.0;;Male;65.0
613;65.0;30.0;Segment 3;52.0;0.0;0.0;16.0;83079.0;A;Male;85.0
614;18.0;51.0;Segment 3;63.0;;0.0;11.0;11719.0;B;Male;93.0
615;39.0;100.0;Segment 3;33.0;;0.0;3.0;71530.0;;Male;97.0
616;26.0;87.0;Segment 1;90.0;0.0;0.0;15.0;55198.0;A;Male;78.0
617;23.0;;Segment 3;58.0;0.0;0.0;1.0;24613.0;C;Female;13.0
618;76.0;0.0;Segment 2;8.0;0.0;1.0;;60366.0;B;Female;85.0
619;;84.0;Segment 3;44.0;1.0;1.0;1.0;81832.0;C;Male;39.0
620;57.0;62.0;Segment 3;75.0;0.0;0.0;32.0;92505.0;B;Female;72.0
621;48.0;92.0;Segment 3;79.0;0.0;0.0;9.0;78418.0;A;Female;53.0
622;24.0;70.0;Segment 2;49.0;0.0;0.0;29.0;15737.0;B;Female;82.0
623;;71.0;Segment 1;89.0;0.0;0.0;26.0;19348.0;A;Male;42.0
624;38.0;100.0;Segment 2;26.0;;0.0;23.0;67219.0;C;Male;6.0
625;39.0;100.0;Segment 3;41.0;0.0;1.0;29.0;68503.0;A;Female;55.0
626;39.0;97.0;Segment 3;89.0;0.0;0.0;33.0;66244.0;C;Male;17.0
627;;94.0;Segment 2;89.0;1.0;0.0;7.0;;B;Male;96.0
628;100.0;0.0;Segment 3;68.0;0.0;0.0;12.0;44727.0;B;Female;52.0
629;72.0;9.0;Segment 3;85.0;0.0;0.0;31.0;72716.0;A;Male;55.0
630;52.0;86.0;Segment 3;8.0;1.0;1.0;32.0;85432.0;;Male;90.0
631;45.0;80.0;Segment 3;86.0;0.0;0.0;20.0;81056.0;B;Male;62.0
632;45.0;98.0;Segment 3;32.0;0.0;1.0;17.0;80873.0;A;Male;30.0
633;64.0;28.0;Segment 2;;0.0;0.0;3.0;72295.0;C;Male;29.0
634;44.0;74.0;Segment 3;23.0;0.0;0.0;;81394.0;A;Female;50.0
635;69.0;0.0;;41.0;;1.0;27.0;64415.0;B;Male;86.0
636;54.0;71.0;Segment 3;25.0;0.0;0.0;33.0;78523.0;B;Male;79.0
637;100.0;47.0;Segment 3;;0.0;0.0;20.0;34595.0;;Female;96.0
638;43.0;100.0;Segment 2;13.0;1.0;1.0;14.0;74055.0;C;Female;7.0
639;74.0;0.0;Segment 2;29.0;1.0;1.0;5.0;56875.0;B;Male;26.0
640;27.0;88.0;Segment 3;57.0;0.0;;23.0;36756.0;A;Female;8.0
641;34.0;82.0;Segment 1;44.0;1.0;1.0;15.0;;B;Male;75.0
642;100.0;27.0;Segment 3;34.0;0.0;0.0;6.0;44476.0;C;Female;14.0
643;68.0;8.0;Segment 2;74.0;0.0;0.0;33.0;69450.0;B;Male;9.0
644;58.0;58.0;;89.0;0.0;0.0;19.0;87864.0;B;;56.0
645;100.0;33.0;Segment 3;75.0;0.0;0.0;13.0;;A;Male;41.0
646;45.0;80.0;Segment 3;33.0;0.0;0.0;29.0;71472.0;A;Female;71.0
647;74.0;;Segment 2;74.0;;1.0;6.0;51601.0;C;Male;48.0
648;77.0;;Segment 2;15.0;0.0;;15.0;51370.0;;Male;42.0
649;91.0;23.0;Segment 2;13.0;0.0;0.0;16.0;27957.0;C;Male;42.0
650;26.0;73.0;Segment 1;34.0;1.0;;24.0;60134.0;A;Female;87.0
651;45.0;62.0;Segment 3;80.0;;1.0;23.0;78722.0;C;Female;39.0
652;54.0;70.0;Segment 3;;0.0;0.0;10.0;84076.0;B;Male;33.0
653;90.0;12.0;Segment 3;6.0;0.0;0.0;17.0;53871.0;B;Male;33.0
654;57.0;81.0;Segment 3;13.0;1.0;0.0;30.0;73640.0;A;Male;19.0
655;77.0;0.0;Segment 3;85.0;0.0;0.0;10.0;55610.0;A;;
656;24.0;74.0;Segment 1;63.0;0.0;0.0;19.0;33377.0;A;Female;14.0
657;40.0;100.0;;25.0;0.0;0.0;29.0;69237.0;A;Female;90.0
658;;0.0;Segment 3;55.0;1.0;1.0;2.0;39985.0;;Female;28.0
659;43.0;91.0;Segment 1;52.0;1.0;1.0;19.0;83628.0;B;Male;89.0
660;47.0;95.0;Segment 1;65.0;0.0;1.0;7.0;78156.0;B;Male;79.0
661;90.0;10.0;Segment 3;23.0;0.0;0.0;26.0;48543.0;C;Female;58.0
662;30.0;87.0;Segment 2;;0.0;0.0;15.0;38872.0;B;Female;66.0
663;34.0;95.0;;30.0;0.0;0.0;3.0;63305.0;B;Female;32.0
664;23.0;58.0;Segment 1;69.0;0.0;1.0;16.0;48725.0;B;Female;57.0
665;91.0;0.0;Segment 2;1.0;0.0;0.0;2.0;43422.0;B;Male;29.0
666;72.0;16.0;Segment 3;37.0;0.0;0.0;31.0;55121.0;B;Male;40.0
667;;0.0;Segment 3;35.0;1.0;1.0;28.0;61520.0;C;Male;76.0
668;;97.0;Segment 3;;0.0;0.0;7.0;79655.0;A;Female;24.0
669;22.0;71.0;Segment 1;7.0;1.0;0.0;30.0;4450.0;A;Male;83.0
670;19.0;53.0;Segment 3;79.0;0.0;0.0;7.0;36734.0;B;Female;37.0
671;83.0;4.0;Segment 3;21.0;0.0;0.0;29.0;38869.0;A;Female;53.0
672;59.0;40.0;;67.0;0.0;0.0;24.0;76239.0;C;Female;94.0
673;65.0;23.0;Segment 2;80.0;0.0;0.0;4.0;65547.0;C;Female;68.0
674;53.0;88.0;Segment 3;56.0;0.0;0.0;29.0;78038.0;A;Female;64.0
675;32.0;95.0;Segment 3;74.0;0.0;0.0;5.0;52777.0;A;Male;71.0
676;40.0;91.0;Segment 3;66.0;0.0;0.0;29.0;64486.0;B;Male;91.0
677;28.0;89.0;Segment 3;35.0;0.0;0.0;30.0;59160.0;B;;24.0
678;26.0;87.0;Segment 1;80.0;1.0;0.0;29.0;12392.0;A;Female;61.0
679;69.0;0.0;Segment 3;29.0;0.0;0.0;26.0;65570.0;C;Male;40.0
680;;65.0;Segment 3;57.0;0.0;0.0;19.0;22032.0;B;Female;1.0
681;28.0;85.0;Segment 1;74.0;0.0;;26.0;26158.0;A;Male;12.0
682;41.0;100.0;Segment 3;37.0;0.0;0.0;;73009.0;A;Female;32.0
683;48.0;100.0;Segment 3;30.0;0.0;0.0;30.0;;C;Female;56.0
684;23.0;65.0;Segment 1;45.0;0.0;0.0;30.0;33538.0;A;Male;88.0
685;20.0;56.0;Segment 3;81.0;0.0;0.0;3.0;5587.0;C;Female;79.0
686;56.0;64.0;Segment 2;92.0;;0.0;7.0;83311.0;B;Male;55.0
687;51.0;75.0;Segment 3;54.0;0.0;0.0;9.0;74382.0;B;Male;7.0
688;82.0;36.0;Segment 3;66.0;0.0;0.0;13.0;;C;Male;
689;49.0;79.0;Segment 3;90.0;0.0;1.0;15.0;82771.0;C;Female;36.0
690;59.0;46.0;Segment 3;9.0;0.0;0.0;5.0;70218.0;B;Female;62.0
691;33.0;96.0;Segment 2;23.0;1.0;1.0;29.0;54833.0;A;Female;6.0
692;33.0;84.0;Segment 3;70.0;0.0;0.0;;47554.0;C;Female;53.0
693;24.0;74.0;Segment 3;82.0;0.0;1.0;27.0;44488.0;B;Male;90.0
694;33.0;97.0;Segment 1;85.0;0.0;1.0;27.0;63948.0;A;Female;
695;40.0;93.0;Segment 3;41.0;0.0;0.0;8.0;84118.0;C;Male;79.0
696;79.0;0.0;Segment 2;8.0;;0.0;32.0;49868.0;A;Male;68.0
697;30.0;87.0;Segment 1;43.0;1.0;1.0;20.0;52188.0;A;Female;20.0
698;100.0;;Segment 3;23.0;0.0;0.0;10.0;26718.0;A;Female;11.0
699;61.0;49.0;Segment 3;29.0;0.0;0.0;13.0;85708.0;B;Male;82.0
700;56.0;93.0;Segment 1;77.0;0.0;;29.0;85831.0;B;Female;69.0
701;47.0;93.0;Segment 3;7.0;0.0;1.0;35.0;77614.0;A;Male;57.0
702;43.0;98.0;Segment 3;82.0;0.0;0.0;8.0;81486.0;A;Female;18.0
703;35.0;100.0;Segment 2;42.0;0.0;0.0;29.0;58391.0;A;Female;60.0
704;22.0;61.0;Segment 3;59.0;1.0;1.0;31.0;24029.0;C;Male;3.0
705;31.0;100.0;Segment 3;8.0;0.0;0.0;30.0;52911.0;A;Male;11.0
706;91.0;4.0;Segment 3;33.0;0.0;0.0;22.0;34136.0;C;Male;31.0
707;60.0;74.0;;;0.0;0.0;21.0;83260.0;A;Female;44.0
708;91.0;0.0;Segment 3;96.0;0.0;0.0;12.0;34195.0;C;Female;12.0
709;35.0;100.0;;80.0;0.0;0.0;11.0;54413.0;A;Female;
710;27.0;90.0;Segment 2;45.0;;1.0;2.0;27852.0;;Male;72.0
711;;99.0;Segment 3;22.0;0.0;0.0;2.0;83831.0;A;Male;56.0
712;31.0;94.0;Segment 1;93.0;0.0;0.0;34.0;47451.0;A;Female;53.0
713;51.0;82.0;;34.0;;0.0;3.0;70993.0;;Male;45.0
714;20.0;65.0;Segment 1;16.0;;1.0;16.0;17845.0;C;Female;97.0
715;18.0;50.0;;56.0;0.0;0.0;4.0;22633.0;;Male;4.0
716;55.0;46.0;;94.0;0.0;0.0;23.0;70959.0;C;Female;18.0
717;92.0;0.0;;0.0;0.0;0.0;20.0;33155.0;B;Female;64.0
718;56.0;66.0;Segment 3;23.0;0.0;0.0;25.0;96512.0;C;Female;13.0
719;59.0;59.0;Segment 3;93.0;0.0;1.0;30.0;69514.0;A;Male;58.0
720;48.0;90.0;Segment 2;17.0;0.0;0.0;18.0;79150.0;B;Male;56.0
721;;100.0;Segment 3;11.0;0.0;1.0;11.0;78701.0;B;Female;97.0
722;22.0;58.0;;57.0;0.0;0.0;29.0;24579.0;A;Female;88.0
723;32.0;95.0;Segment 3;86.0;0.0;0.0;17.0;55936.0;C;Female;94.0
724;78.0;;Segment 2;;0.0;0.0;26.0;57629.0;A;Female;11.0
725;26.0;88.0;Segment 1;99.0;0.0;0.0;23.0;34715.0;A;Female;86.0
726;40.0;96.0;Segment 3;67.0;0.0;0.0;20.0;63975.0;B;Female;12.0
727;78.0;10.0;Segment 3;7.0;1.0;1.0;2.0;60239.0;C;Male;63.0
728;49.0;79.0;Segment 2;99.0;0.0;0.0;24.0;80824.0;A;Male;
729;50.0;100.0;Segment 3;40.0;0.0;0.0;31.0;95481.0;B;Male;16.0
730;40.0;100.0;Segment 1;28.0;0.0;0.0;;;C;Male;63.0
731;63.0;44.0;Segment 1;55.0;0.0;0.0;2.0;72248.0;A;Female;5.0
732;;9.0;Segment 2;30.0;0.0;0.0;14.0;75109.0;;Female;29.0
733;31.0;97.0;Segment 1;8.0;;0.0;4.0;48768.0;C;Female;92.0
734;23.0;68.0;Segment 1;0.0;1.0;1.0;13.0;29560.0;B;Male;17.0
735;18.0;53.0;Segment 3;44.0;0.0;0.0;35.0;27546.0;C;Male;6.0
736;58.0;83.0;Segment 3;83.0;0.0;1.0;8.0;73132.0;C;Female;44.0
737;55.0;87.0;;57.0;0.0;1.0;2.0;77910.0;B;;85.0
738;100.0;;Segment 2;99.0;0.0;0.0;6.0;38260.0;B;Male;7.0
739;;95.0;Segment 3;28.0;0.0;0.0;31.0;77628.0;B;Female;35.0
740;44.0;81.0;Segment 3;28.0;0.0;0.0;10.0;82880.0;B;Female;89.0
741;52.0;90.0;Segment 3;15.0;1.0;1.0;21.0;85406.0;C;Female;11.0
742;53.0;86.0;Segment 3;16.0;0.0;0.0;10.0;83470.0;B;;31.0
743;42.0;76.0;Segment 3;28.0;0.0;0.0;23.0;;A;Female;77.0
744;32.0;84.0;Segment 1;79.0;0.0;1.0;3.0;;A;Female;54.0
745;47.0;89.0;Segment 3;90.0;0.0;0.0;32.0;76163.0;A;Female;83.0
746;46.0;90.0;Segment 3;97.0;0.0;0.0;20.0;76100.0;A;Male;11.0
747;46.0;80.0;Segment 3;23.0;0.0;0.0;10.0;79122.0;C;Male;92.0
748;66.0;29.0;Segment 2;88.0;0.0;0.0;29.0;57462.0;C;Female;93.0
749;46.0;96.0;Segment 3;32.0;0.0;0.0;34.0;76612.0;B;Female;15.0
750;23.0;71.0;Segment 1;11.0;0.0;0.0;20.0;25200.0;B;Male;3.0
751;34.0;89.0;Segment 3;;0.0;0.0;8.0;68027.0;C;Male;98.0
752;42.0;100.0;;63.0;0.0;0.0;7.0;59847.0;B;Female;48.0
753;47.0;100.0;Segment 2;16.0;0.0;;6.0;79136.0;C;Male;57.0
754;59.0;47.0;Segment 3;42.0;0.0;0.0;11.0;90204.0;B;Female;61.0
755;48.0;84.0;Segment 1;28.0;1.0;0.0;18.0;81374.0;C;Female;78.0
756;18.0;52.0;Segment 3;73.0;0.0;0.0;29.0;;C;Male;81.0
757;25.0;77.0;Segment 1;45.0;0.0;0.0;25.0;38643.0;A;Female;19.0
758;60.0;47.0;Segment 2;98.0;0.0;0.0;21.0;69749.0;;Female;23.0
759;42.0;100.0;Segment 1;5.0;0.0;0.0;3.0;62506.0;B;Male;87.0
760;49.0;66.0;Segment 3;35.0;0.0;0.0;18.0;82328.0;A;Female;81.0
761;39.0;100.0;Segment 1;48.0;1.0;1.0;24.0;64333.0;B;Male;61.0
762;34.0;96.0;Segment 1;50.0;0.0;0.0;10.0;53403.0;A;Female;99.0
763;40.0;;Segment 2;31.0;0.0;1.0;27.0;67662.0;A;Female;73.0
764;50.0;86.0;Segment 3;72.0;0.0;0.0;12.0;95598.0;C;Male;21.0
765;46.0;93.0;Segment 3;;0.0;0.0;7.0;91137.0;B;Male;84.0
766;70.0;0.0;Segment 2;93.0;0.0;0.0;17.0;61498.0;C;Male;41.0
767;21.0;72.0;Segment 1;80.0;0.0;0.0;1.0;21924.0;B;Male;3.0
768;22.0;69.0;Segment 1;85.0;0.0;0.0;26.0;13241.0;A;Male;32.0
769;41.0;100.0;Segment 1;55.0;0.0;0.0;15.0;74340.0;B;Male;76.0
770;59.0;69.0;Segment 3;82.0;;;33.0;90662.0;B;Female;
771;65.0;10.0;Segment 3;30.0;0.0;0.0;31.0;65552.0;C;Male;27.0
772;;100.0;Segment 1;39.0;0.0;0.0;35.0;47768.0;A;;24.0
773;18.0;48.0;Segment 3;31.0;0.0;0.0;1.0;33164.0;C;Male;56.0
774;;100.0;Segment 2;46.0;0.0;0.0;8.0;64590.0;C;;81.0
775;55.0;43.0;Segment 3;28.0;0.0;0.0;12.0;67720.0;B;Female;74.0
776;46.0;92.0;Segment 3;96.0;0.0;0.0;19.0;79996.0;C;Male;55.0
777;60.0;40.0;Segment 3;31.0;0.0;0.0;25.0;78697.0;B;Female;63.0
778;77.0;11.0;;9.0;0.0;0.0;;50433.0;C;Female;24.0
779;;100.0;Segment 1;52.0;0.0;;12.0;71346.0;B;Female;43.0
780;37.0;90.0;Segment 1;5.0;0.0;0.0;13.0;69141.0;A;Male;25.0
781;30.0;86.0;Segment 1;11.0;1.0;0.0;28.0;46230.0;C;Male;88.0
782;22.0;68.0;Segment 1;21.0;1.0;0.0;1.0;8621.0;B;Female;11.0
783;19.0;50.0;Segment 3;46.0;0.0;0.0;6.0;0.0;B;Male;67.0
784;33.0;100.0;Segment 3;43.0;0.0;1.0;8.0;;B;Male;26.0
785;72.0;1.0;Segment 3;79.0;0.0;0.0;4.0;61870.0;A;Female;47.0
786;62.0;0.0;Segment 2;73.0;1.0;1.0;5.0;72917.0;B;Female;29.0
787;36.0;93.0;Segment 3;42.0;1.0;1.0;25.0;59685.0;;Male;32.0
788;100.0;0.0;Segment 2;33.0;0.0;0.0;22.0;36731.0;A;Male;26.0
789;34.0;81.0;Segment 1;31.0;1.0;0.0;28.0;;A;Male;75.0
790;;0.0;Segment 3;77.0;0.0;0.0;23.0;44849.0;A;Female;36.0
791;89.0;2.0;Segment 2;5.0;0.0;0.0;;26323.0;B;;72.0
792;57.0;83.0;Segment 3;1.0;0.0;0.0;4.0;72793.0;C;Male;45.0
793;33.0;97.0;Segment 1;79.0;0.0;0.0;21.0;53568.0;C;Male;54.0
794;39.0;91.0;Segment 3;47.0;0.0;0.0;2.0;71261.0;C;Female;54.0
795;50.0;93.0;Segment 3;13.0;0.0;0.0;7.0;81319.0;B;Female;97.0
796;23.0;70.0;Segment 1;23.0;1.0;1.0;16.0;44866.0;A;Female;36.0
797;28.0;83.0;Segment 3;93.0;0.0;0.0;17.0;63959.0;C;Male;20.0
798;27.0;77.0;Segment 1;85.0;0.0;1.0;20.0;57370.0;C;Male;91.0
799;59.0;29.0;Segment 3;70.0;0.0;0.0;23.0;80162.0;B;Female;17.0
800;77.0;0.0;Segment 3;48.0;0.0;0.0;34.0;51113.0;C;Male;83.0
801;63.0;37.0;Segment 3;52.0;0.0;0.0;11.0;62838.0;C;Male;15.0
802;71.0;8.0;Segment 3;97.0;0.0;1.0;34.0;64240.0;C;Male;65.0
803;32.0;90.0;Segment 1;96.0;;0.0;33.0;;B;Female;15.0
804;40.0;87.0;Segment 3;21.0;0.0;;26.0;71868.0;B;Male;92.0
805;41.0;100.0;Segment 3;81.0;0.0;0.0;2.0;81583.0;A;Male;56.0
806;;45.0;Segment 3;19.0;0.0;0.0;23.0;66477.0;B;Female;32.0
807;34.0;100.0;Segment 1;21.0;0.0;0.0;22.0;51634.0;B;Male;14.0
808;69.0;0.0;Segment 3;67.0;0.0;0.0;34.0;68093.0;;Female;37.0
809;88.0;0.0;Segment 3;40.0;0.0;0.0;15.0;45771.0;A;Male;70.0
810;58.0;38.0;Segment 2;93.0;0.0;0.0;10.0;88112.0;A;;38.0
811;39.0;92.0;Segment 3;8.0;0.0;0.0;15.0;68134.0;B;Female;24.0
812;30.0;98.0;Segment 1;51.0;0.0;0.0;29.0;43907.0;C;Male;57.0
813;27.0;89.0;Segment 2;91.0;0.0;0.0;23.0;38294.0;C;Male;41.0
814;18.0;54.0;Segment 3;90.0;1.0;0.0;17.0;123.0;A;Female;16.0
815;42.0;100.0;Segment 3;15.0;0.0;0.0;9.0;68073.0;B;Male;15.0
816;40.0;85.0;Segment 3;36.0;0.0;0.0;9.0;75019.0;C;Female;70.0
817;67.0;14.0;Segment 3;61.0;0.0;1.0;16.0;71332.0;A;Male;97.0
818;35.0;89.0;Segment 1;15.0;0.0;1.0;33.0;61478.0;;Male;23.0
819;;100.0;Segment 2;96.0;0.0;0.0;31.0;66695.0;C;Male;77.0
820;53.0;64.0;Segment 3;91.0;;0.0;6.0;78598.0;A;Male;8.0
821;58.0;72.0;Segment 3;16.0;0.0;0.0;10.0;;C;Female;38.0
822;64.0;45.0;Segment 2;12.0;0.0;0.0;16.0;78531.0;;Female;50.0
823;50.0;100.0;Segment 3;8.0;0.0;0.0;4.0;76969.0;;Male;26.0
824;;70.0;Segment 1;90.0;0.0;0.0;22.0;16656.0;A;Male;52.0
825;55.0;82.0;Segment 3;19.0;0.0;;13.0;80645.0;A;Male;88.0
826;33.0;100.0;Segment 2;41.0;0.0;1.0;16.0;51922.0;A;Male;94.0
827;78.0;0.0;Segment 2;44.0;0.0;;;61914.0;B;Male;10.0
828;47.0;74.0;Segment 3;59.0;0.0;0.0;6.0;76360.0;B;Female;27.0
829;52.0;58.0;Segment 3;7.0;0.0;0.0;26.0;70524.0;A;Female;97.0
830;100.0;17.0;Segment 3;22.0;0.0;0.0;11.0;23739.0;C;Male;27.0
831;64.0;0.0;Segment 2;93.0;0.0;0.0;24.0;68872.0;B;Female;69.0
832;55.0;67.0;Segment 3;90.0;0.0;0.0;29.0;75911.0;A;Female;25.0
833;43.0;100.0;Segment 3;78.0;0.0;1.0;3.0;68156.0;A;Male;
834;;77.0;Segment 3;1.0;1.0;1.0;10.0;52863.0;B;Female;19.0
835;42.0;100.0;Segment 1;32.0;0.0;1.0;1.0;77052.0;B;Female;85.0
836;30.0;93.0;Segment 3;62.0;0.0;0.0;26.0;48106.0;A;Female;88.0
837;92.0;29.0;Segment 3;27.0;0.0;0.0;12.0;53283.0;A;;29.0
838;55.0;59.0;Segment 3;90.0;0.0;1.0;14.0;85707.0;C;Male;82.0
839;77.0;0.0;Segment 3;63.0;0.0;0.0;25.0;44435.0;C;Female;35.0
840;34.0;88.0;Segment 2;;1.0;1.0;8.0;52209.0;A;Female;9.0
841;31.0;99.0;Segment 2;90.0;0.0;1.0;4.0;54624.0;B;Female;75.0
842;62.0;54.0;Segment 1;95.0;0.0;0.0;;75384.0;B;Male;59.0
843;30.0;94.0;Segment 3;7.0;0.0;0.0;7.0;49095.0;C;Female;27.0
844;37.0;100.0;Segment 1;53.0;0.0;0.0;10.0;59829.0;B;Female;25.0
845;94.0;0.0;Segment 2;30.0;0.0;0.0;2.0;46761.0;C;Female;97.0
846;38.0;100.0;Segment 1;39.0;0.0;0.0;26.0;62397.0;B;Male;86.0
847;22.0;77.0;Segment 1;17.0;1.0;1.0;14.0;29369.0;B;Male;80.0
848;18.0;53.0;Segment 1;57.0;0.0;0.0;16.0;44818.0;B;Male;12.0
849;20.0;68.0;Segment 3;95.0;0.0;0.0;17.0;17018.0;C;Male;75.0
850;79.0;0.0;Segment 3;50.0;0.0;0.0;22.0;36555.0;C;;21.0
851;35.0;91.0;Segment 1;8.0;1.0;1.0;4.0;54400.0;A;Female;97.0
852;100.0;0.0;Segment 2;62.0;0.0;0.0;;48917.0;B;Male;5.0
853;88.0;16.0;Segment 2;34.0;0.0;1.0;2.0;45694.0;B;Female;
854;100.0;0.0;Segment 3;85.0;0.0;;9.0;39932.0;B;Male;42.0
855;72.0;21.0;Segment 3;43.0;0.0;0.0;19.0;52864.0;C;Male;82.0
856;60.0;70.0;Segment 3;19.0;0.0;0.0;16.0;78970.0;C;Male;76.0
857;31.0;98.0;Segment 1;19.0;0.0;0.0;25.0;46289.0;C;Female;37.0
858;46.0;97.0;Segment 3;76.0;0.0;1.0;18.0;80641.0;C;Female;56.0
859;63.0;19.0;Segment 3;26.0;0.0;0.0;23.0;64835.0;A;Female;83.0
860;70.0;0.0;Segment 3;76.0;0.0;0.0;21.0;52579.0;C;Male;1.0
861;26.0;91.0;Segment 3;20.0;0.0;0.0;11.0;29742.0;C;Male;80.0
862;42.0;100.0;Segment 1;32.0;0.0;1.0;4.0;71839.0;B;Male;94.0
863;44.0;95.0;Segment 1;46.0;1.0;1.0;25.0;76492.0;C;Male;3.0
864;44.0;90.0;Segment 1;94.0;;1.0;32.0;77913.0;A;Male;4.0
865;27.0;72.0;Segment 1;93.0;;0.0;30.0;0.0;C;Male;34.0
866;99.0;0.0;Segment 2;20.0;0.0;0.0;26.0;34618.0;B;Female;8.0
867;41.0;100.0;;35.0;0.0;0.0;34.0;70039.0;A;Female;47.0
868;28.0;78.0;Segment 1;14.0;1.0;1.0;9.0;66298.0;B;Male;72.0
869;100.0;4.0;Segment 3;50.0;0.0;0.0;12.0;32323.0;C;Female;56.0
870;88.0;22.0;Segment 3;46.0;0.0;0.0;2.0;;A;Female;19.0
871;49.0;74.0;Segment 3;90.0;0.0;0.0;5.0;88776.0;A;Female;65.0
872;;50.0;Segment 3;93.0;0.0;;5.0;3419.0;B;Male;68.0
873;37.0;100.0;Segment 1;38.0;1.0;1.0;22.0;66031.0;B;Male;93.0
874;19.0;55.0;Segment 3;49.0;0.0;0.0;5.0;12970.0;C;Male;
875;58.0;100.0;Segment 3;89.0;0.0;0.0;4.0;73565.0;C;Male;69.0
876;36.0;81.0;Segment 3;80.0;1.0;0.0;9.0;57871.0;B;Female;91.0
877;46.0;100.0;Segment 3;0.0;0.0;0.0;29.0;75454.0;C;Male;50.0
878;96.0;0.0;Segment 3;32.0;0.0;0.0;22.0;63292.0;B;Male;36.0
879;34.0;100.0;Segment 1;42.0;1.0;1.0;27.0;61627.0;C;Male;17.0
880;57.0;70.0;Segment 3;22.0;1.0;1.0;10.0;87495.0;;Female;86.0
881;65.0;14.0;Segment 3;19.0;0.0;0.0;16.0;71466.0;B;Female;39.0
882;78.0;;Segment 2;3.0;1.0;;10.0;37194.0;C;Female;92.0
883;44.0;75.0;Segment 3;64.0;0.0;1.0;6.0;78711.0;A;Female;
884;42.0;100.0;;26.0;1.0;1.0;5.0;79081.0;C;Female;37.0
885;41.0;99.0;Segment 3;5.0;0.0;0.0;6.0;67730.0;C;Male;57.0
886;55.0;81.0;Segment 3;23.0;0.0;1.0;25.0;88129.0;B;Female;2.0
887;86.0;23.0;Segment 3;;0.0;0.0;4.0;50155.0;B;Female;26.0
888;41.0;100.0;Segment 1;85.0;0.0;0.0;32.0;81257.0;C;Male;
889;18.0;50.0;Segment 3;48.0;0.0;0.0;35.0;;C;Male;67.0
890;68.0;1.0;Segment 3;41.0;0.0;0.0;10.0;54004.0;A;Male;35.0
891;48.0;82.0;Segment 3;97.0;0.0;0.0;34.0;78957.0;A;Female;80.0
892;58.0;;Segment 2;20.0;0.0;;6.0;89087.0;B;Male;
893;20.0;67.0;;21.0;0.0;0.0;16.0;;B;Female;46.0
894;36.0;94.0;Segment 3;29.0;0.0;0.0;19.0;51545.0;A;Male;47.0
895;66.0;23.0;Segment 3;17.0;0.0;;34.0;66651.0;A;Female;34.0
896;24.0;71.0;Segment 1;37.0;0.0;0.0;25.0;28386.0;C;Female;95.0
897;57.0;;Segment 1;91.0;0.0;1.0;31.0;78743.0;B;Female;69.0
898;45.0;100.0;Segment 3;61.0;0.0;0.0;17.0;82737.0;C;Female;53.0
899;32.0;100.0;Segment 3;41.0;0.0;0.0;30.0;50067.0;C;Male;51.0
900;;85.0;Segment 3;93.0;;0.0;31.0;41170.0;C;Male;15.0
901;27.0;83.0;Segment 1;4.0;0.0;0.0;19.0;72165.0;A;Female;37.0
902;48.0;94.0;;21.0;0.0;1.0;35.0;75779.0;C;Male;67.0
903;50.0;96.0;Segment 3;56.0;0.0;0.0;29.0;73167.0;A;Female;92.0
904;39.0;94.0;Segment 3;61.0;0.0;1.0;1.0;73730.0;B;Male;81.0
905;27.0;79.0;Segment 3;3.0;0.0;0.0;4.0;35730.0;B;Male;30.0
906;56.0;81.0;Segment 3;40.0;0.0;0.0;28.0;79114.0;B;Female;43.0
907;69.0;26.0;Segment 3;64.0;0.0;0.0;18.0;65114.0;C;Female;8.0
908;61.0;31.0;Segment 3;69.0;0.0;0.0;26.0;82355.0;C;Male;10.0
909;100.0;33.0;Segment 2;63.0;0.0;0.0;19.0;38295.0;A;Female;47.0
910;;100.0;Segment 3;32.0;0.0;1.0;6.0;81316.0;B;Male;53.0
911;83.0;3.0;Segment 2;9.0;0.0;0.0;1.0;29076.0;B;Male;26.0
912;34.0;96.0;Segment 2;42.0;0.0;0.0;8.0;61204.0;B;Male;64.0
913;31.0;97.0;Segment 1;12.0;0.0;0.0;33.0;46337.0;C;Female;70.0
914;49.0;79.0;Segment 3;94.0;0.0;1.0;21.0;88162.0;A;Female;29.0
915;91.0;0.0;Segment 3;47.0;0.0;0.0;24.0;43779.0;C;Male;75.0
916;40.0;75.0;Segment 3;31.0;0.0;0.0;25.0;;A;Female;20.0
917;20.0;64.0;Segment 1;76.0;0.0;;19.0;36873.0;B;;54.0
918;68.0;0.0;Segment 2;49.0;0.0;0.0;29.0;69930.0;B;Male;80.0
919;45.0;100.0;Segment 1;31.0;1.0;1.0;10.0;81220.0;A;Female;53.0
920;53.0;75.0;Segment 3;81.0;0.0;0.0;12.0;73227.0;A;Female;90.0
921;32.0;92.0;Segment 1;86.0;0.0;0.0;33.0;50410.0;C;Male;5.0
922;49.0;82.0;;67.0;0.0;0.0;7.0;81281.0;C;Female;58.0
923;21.0;63.0;Segment 3;4.0;1.0;0.0;;28276.0;A;;56.0
924;99.0;35.0;Segment 3;56.0;0.0;0.0;10.0;47077.0;B;Female;66.0
925;74.0;0.0;Segment 2;;1.0;0.0;31.0;38243.0;A;Female;83.0
926;48.0;100.0;Segment 3;13.0;0.0;0.0;6.0;82437.0;A;Male;72.0
927;;25.0;Segment 2;22.0;1.0;1.0;17.0;62030.0;B;Male;79.0
928;34.0;85.0;Segment 3;88.0;0.0;0.0;18.0;53212.0;A;Female;28.0
929;72.0;0.0;Segment 3;2.0;0.0;0.0;26.0;50997.0;;Male;38.0
930;39.0;100.0;Segment 1;75.0;0.0;0.0;16.0;67139.0;C;Male;62.0
931;38.0;88.0;Segment 2;47.0;1.0;1.0;8.0;48169.0;C;Female;55.0
932;28.0;79.0;Segment 3;44.0;0.0;0.0;24.0;33203.0;C;Male;96.0
933;56.0;84.0;Segment 3;0.0;0.0;;13.0;72615.0;C;Female;18.0
934;47.0;96.0;Segment 2;81.0;0.0;0.0;29.0;82698.0;B;Female;35.0
935;84.0;0.0;Segment 3;35.0;1.0;0.0;32.0;39120.0;B;Male;57.0
936;27.0;87.0;Segment 1;54.0;0.0;0.0;24.0;38271.0;C;Female;86.0
937;56.0;54.0;Segment 1;67.0;0.0;1.0;16.0;91960.0;B;Male;92.0
938;77.0;24.0;Segment 3;70.0;0.0;;11.0;58973.0;A;Female;33.0
939;100.0;26.0;Segment 3;95.0;0.0;0.0;32.0;48181.0;C;Male;6.0
940;50.0;94.0;Segment 3;53.0;0.0;0.0;6.0;77640.0;C;Male;42.0
941;39.0;100.0;;39.0;0.0;0.0;35.0;70927.0;C;Female;39.0
942;50.0;;Segment 3;95.0;0.0;1.0;33.0;79768.0;B;Male;98.0
943;81.0;1.0;Segment 2;64.0;0.0;0.0;18.0;;C;Male;43.0
944;81.0;0.0;Segment 2;29.0;0.0;0.0;13.0;50805.0;C;Male;30.0
945;44.0;100.0;Segment 3;12.0;0.0;1.0;10.0;73751.0;A;Female;36.0
946;80.0;43.0;Segment 2;84.0;0.0;0.0;26.0;60245.0;C;Female;39.0
947;46.0;82.0;Segment 3;36.0;0.0;0.0;17.0;78312.0;A;Male;82.0
948;67.0;13.0;Segment 3;66.0;0.0;0.0;1.0;69297.0;B;Male;8.0
949;59.0;61.0;Segment 2;;0.0;1.0;25.0;88043.0;B;Female;31.0
950;38.0;96.0;Segment 1;19.0;0.0;1.0;34.0;71333.0;A;Female;96.0
951;29.0;82.0;Segment 1;60.0;0.0;0.0;10.0;24840.0;A;Female;15.0
952;78.0;24.0;Segment 2;6.0;0.0;0.0;20.0;53603.0;B;Male;74.0
953;;50.0;Segment 3;41.0;0.0;0.0;7.0;50873.0;A;;35.0
954;55.0;75.0;Segment 3;54.0;0.0;0.0;16.0;87542.0;A;Male;58.0
955;46.0;83.0;Segment 1;43.0;;0.0;29.0;73547.0;C;Female;9.0
956;25.0;70.0;Segment 1;74.0;1.0;0.0;12.0;27291.0;A;Male;30.0
957;77.0;8.0;Segment 3;82.0;0.0;0.0;17.0;58974.0;B;Female;50.0
958;53.0;94.0;Segment 3;77.0;0.0;0.0;20.0;75371.0;C;Male;23.0
959;;;Segment 2;3.0;0.0;1.0;26.0;70498.0;A;;54.0
960;68.0;16.0;Segment 2;19.0;1.0;1.0;19.0;75392.0;B;Female;21.0
961;23.0;69.0;Segment 3;53.0;0.0;0.0;12.0;32225.0;B;Male;65.0
962;28.0;80.0;Segment 1;93.0;0.0;0.0;21.0;32820.0;C;Female;90.0
963;33.0;100.0;Segment 1;83.0;0.0;0.0;34.0;50735.0;C;Female;8.0
964;58.0;73.0;Segment 3;84.0;0.0;0.0;7.0;80264.0;C;Female;21.0
965;50.0;68.0;Segment 3;30.0;0.0;0.0;35.0;70974.0;C;Female;84.0
966;;69.0;Segment 3;42.0;0.0;0.0;15.0;71708.0;A;Male;63.0
967;74.0;16.0;Segment 3;47.0;1.0;1.0;1.0;57028.0;A;Male;7.0
968;62.0;61.0;Segment 3;15.0;1.0;1.0;26.0;82606.0;B;Female;48.0
969;100.0;0.0;Segment 2;3.0;1.0;1.0;35.0;46303.0;A;Male;20.0
970;74.0;0.0;Segment 2;94.0;1.0;1.0;25.0;48649.0;C;Male;19.0
971;44.0;;Segment 1;24.0;1.0;1.0;15.0;82628.0;B;Male;94.0
972;36.0;100.0;Segment 1;23.0;1.0;;22.0;60389.0;A;Male;76.0
973;44.0;100.0;Segment 3;8.0;0.0;0.0;6.0;70557.0;C;Male;69.0
974;63.0;46.0;Segment 3;92.0;0.0;0.0;15.0;69308.0;A;Female;23.0
975;37.0;94.0;Segment 3;57.0;0.0;0.0;24.0;71252.0;B;Male;11.0
976;64.0;14.0;Segment 3;66.0;0.0;0.0;21.0;70440.0;B;Female;87.0
977;61.0;63.0;Segment 2;91.0;0.0;0.0;7.0;73787.0;B;Male;0.0
978;29.0;82.0;Segment 1;34.0;0.0;0.0;;70532.0;B;Female;38.0
979;74.0;35.0;Segment 3;62.0;0.0;0.0;32.0;42911.0;A;Female;27.0
980;55.0;69.0;Segment 3;3.0;0.0;1.0;32.0;70122.0;B;Female;57.0
981;98.0;39.0;Segment 3;18.0;0.0;0.0;5.0;28283.0;;Male;25.0
982;46.0;100.0;Segment 3;83.0;0.0;0.0;4.0;80976.0;C;Male;31.0
983;40.0;;Segment 3;76.0;0.0;0.0;22.0;70990.0;B;Female;85.0
984;27.0;82.0;Segment 3;35.0;0.0;0.0;18.0;64639.0;B;Female;60.0
985;;83.0;Segment 1;37.0;1.0;1.0;35.0;45150.0;C;Male;14.0
986;70.0;19.0;Segment 3;53.0;0.0;;17.0;56527.0;C;Male;72.0
987;94.0;1.0;Segment 3;0.0;0.0;;24.0;41912.0;A;Female;20.0
988;44.0;89.0;Segment 2;24.0;1.0;1.0;2.0;77324.0;;Male;43.0
989;43.0;94.0;Segment 3;20.0;0.0;1.0;13.0;66941.0;C;Male;64.0
990;48.0;92.0;Segment 3;25.0;0.0;;15.0;94317.0;B;Male;27.0
991;76.0;0.0;Segment 3;80.0;0.0;0.0;5.0;56221.0;A;Male;38.0
992;29.0;93.0;Segment 1;27.0;1.0;1.0;3.0;49124.0;B;Male;73.0
993;52.0;70.0;Segment 3;19.0;0.0;0.0;3.0;86639.0;A;Male;93.0
994;71.0;;Segment 2;50.0;0.0;0.0;35.0;63995.0;B;Female;52.0
995;58.0;35.0;Segment 3;86.0;0.0;0.0;23.0;76478.0;B;Female;0.0
996;18.0;41.0;Segment 3;24.0;0.0;0.0;28.0;13645.0;C;Female;33.0
997;;19.0;Segment 2;7.0;0.0;0.0;30.0;77009.0;B;;39.0
998;58.0;49.0;Segment 3;35.0;0.0;0.0;18.0;80688.0;A;Female;33.0
999;83.0;41.0;Segment 3;;0.0;0.0;33.0;39683.0;A;Female;43.0
1000;90.0;0.0;Segment 2;55.0;1.0;1.0;26.0;54300.0;C;Male;63.0
1001;81.0;5.0;Segment 2;81.0;0.0;0.0;17.0;49874.0;A;Male;12.0
1002;48.0;96.0;Segment 3;95.0;0.0;0.0;7.0;84414.0;B;;27.0
1003;19.0;55.0;Segment 3;79.0;0.0;0.0;8.0;;A;Female;50.0
1004;100.0;0.0;Segment 3;60.0;0.0;0.0;31.0;41138.0;C;;31.0
1005;42.0;83.0;Segment 1;49.0;0.0;;12.0;;B;Male;99.0
1006;47.0;100.0;Segment 3;4.0;1.0;0.0;31.0;84084.0;B;Male;43.0
1007;93.0;42.0;Segment 3;98.0;0.0;0.0;19.0;36321.0;B;Male;86.0
1008;32.0;;Segment 1;38.0;1.0;0.0;10.0;;C;Male;89.0
1009;23.0;67.0;Segment 3;15.0;1.0;0.0;12.0;34825.0;B;Female;83.0
1010;37.0;94.0;Segment 3;66.0;0.0;0.0;20.0;;C;Female;4.0
1011;33.0;86.0;Segment 3;28.0;;0.0;7.0;66711.0;C;Female;94.0
1012;22.0;71.0;Segment 1;58.0;0.0;0.0;14.0;9790.0;C;Female;12.0
1013;44.0;87.0;Segment 3;58.0;0.0;0.0;11.0;70245.0;A;Male;3.0
1014;48.0;100.0;Segment 3;44.0;0.0;0.0;7.0;87336.0;C;Male;41.0
1015;21.0;70.0;Segment 3;83.0;0.0;1.0;29.0;;A;;19.0
1016;40.0;99.0;Segment 2;26.0;0.0;0.0;10.0;65027.0;B;Male;18.0
1017;32.0;100.0;Segment 1;44.0;0.0;0.0;29.0;55866.0;C;Male;28.0
1018;;54.0;Segment 1;53.0;1.0;1.0;9.0;45131.0;A;Male;24.0
1019;49.0;82.0;Segment 3;66.0;0.0;0.0;10.0;81150.0;A;Male;68.0
1020;51.0;75.0;Segment 2;78.0;0.0;0.0;19.0;102568.0;A;Female;
1021;32.0;94.0;Segment 3;39.0;0.0;0.0;31.0;44209.0;B;Male;54.0
1022;73.0;22.0;Segment 2;64.0;0.0;0.0;17.0;61167.0;B;Female;98.0
1023;47.0;94.0;Segment 3;15.0;0.0;0.0;9.0;85866.0;C;Male;43.0
1024;32.0;81.0;Segment 1;93.0;1.0;1.0;33.0;57286.0;C;Male;64.0
1025;21.0;60.0;Segment 3;38.0;0.0;;34.0;;B;;96.0
1026;52.0;82.0;Segment 3;72.0;0.0;0.0;24.0;79394.0;A;Female;13.0
1027;58.0;58.0;;2.0;0.0;1.0;9.0;81155.0;C;Male;41.0
1028;36.0;100.0;Segment 3;20.0;0.0;1.0;7.0;65965.0;A;Male;85.0
1029;49.0;72.0;Segment 3;48.0;0.0;0.0;;84313.0;A;Female;93.0
1030;90.0;11.0;Segment 3;87.0;0.0;0.0;19.0;51268.0;A;Male;60.0
1031;68.0;42.0;Segment 3;52.0;0.0;0.0;6.0;54634.0;B;Male;14.0
1032;18.0;60.0;Segment 1;92.0;0.0;0.0;11.0;19697.0;A;Female;90.0
1033;32.0;90.0;Segment 1;48.0;1.0;1.0;12.0;48130.0;A;Male;17.0
1034;43.0;100.0;Segment 2;49.0;0.0;1.0;13.0;73370.0;A;Male;35.0
1035;48.0;98.0;Segment 1;11.0;0.0;0.0;12.0;85841.0;A;Male;37.0
1036;50.0;90.0;Segment 2;80.0;0.0;0.0;21.0;82503.0;B;Male;44.0
1037;56.0;67.0;Segment 1;24.0;1.0;1.0;10.0;100476.0;C;Male;79.0
1038;44.0;100.0;Segment 3;;0.0;1.0;20.0;77703.0;C;Female;80.0
1039;47.0;63.0;Segment 3;91.0;0.0;1.0;;80332.0;A;Male;71.0
1040;70.0;23.0;Segment 2;94.0;0.0;0.0;24.0;60610.0;A;Female;2.0
1041;53.0;81.0;Segment 2;52.0;;0.0;5.0;;C;Female;56.0
1042;26.0;81.0;Segment 3;67.0;0.0;0.0;12.0;38437.0;;Male;74.0
1043;49.0;100.0;Segment 2;77.0;0.0;0.0;35.0;86940.0;C;Female;44.0
1044;43.0;88.0;Segment 1;13.0;1.0;1.0;2.0;75870.0;A;Male;94.0
1045;18.0;48.0;Segment 1;60.0;0.0;0.0;9.0;11212.0;C;Female;82.0
1046;50.0;;Segment 3;3.0;0.0;0.0;22.0;74238.0;B;Female;63.0
1047;27.0;80.0;Segment 3;49.0;0.0;0.0;;34745.0;B;Female;6.0
1048;70.0;;Segment 2;15.0;1.0;1.0;12.0;60352.0;C;Male;65.0
1049;56.0;66.0;Segment 3;18.0;0.0;0.0;1.0;89170.0;B;Female;91.0
1050;25.0;85.0;Segment 1;36.0;1.0;0.0;22.0;17039.0;A;Female;37.0
1051;69.0;17.0;Segment 3;43.0;0.0;0.0;19.0;58693.0;B;Female;83.0
1052;83.0;0.0;Segment 3;62.0;0.0;;16.0;47317.0;;Male;31.0
1053;41.0;91.0;Segment 3;7.0;1.0;1.0;31.0;62828.0;;Male;57.0
1054;43.0;89.0;Segment 2;50.0;0.0;1.0;3.0;71132.0;A;Female;64.0
1055;66.0;21.0;Segment 2;18.0;0.0;0.0;23.0;60497.0;B;Female;67.0
1056;80.0;10.0;Segment 3;57.0;0.0;0.0;18.0;41933.0;A;Female;88.0
1057;19.0;;Segment 3;63.0;0.0;0.0;26.0;27882.0;B;Female;23.0
1058;26.0;71.0;Segment 3;55.0;0.0;0.0;13.0;36896.0;A;Male;26.0
1059;38.0;100.0;Segment 3;73.0;0.0;1.0;18.0;63398.0;B;Male;70.0
1060;40.0;99.0;Segment 3;33.0;1.0;1.0;3.0;72297.0;A;Male;17.0
1061;65.0;49.0;Segment 2;76.0;1.0;1.0;23.0;81315.0;B;Female;46.0
1062;81.0;;Segment 3;43.0;0.0;1.0;3.0;;A;;2.0
1063;83.0;23.0;Segment 3;48.0;0.0;0.0;25.0;30780.0;A;Female;14.0
1064;18.0;52.0;Segment 3;;0.0;0.0;27.0;31770.0;A;Female;67.0
1065;31.0;100.0;Segment 3;1.0;0.0;0.0;27.0;49644.0;C;Female;74.0
1066;24.0;79.0;Segment 3;65.0;0.0;0.0;25.0;37352.0;A;Male;11.0
1067;35.0;95.0;Segment 1;61.0;1.0;1.0;24.0;57672.0;C;Female;
1068;31.0;100.0;Segment 3;30.0;0.0;0.0;8.0;51123.0;A;Male;9.0
1069;56.0;81.0;Segment 2;8.0;0.0;0.0;9.0;80833.0;A;Female;43.0
1070;59.0;63.0;Segment 3;9.0;1.0;1.0;;71767.0;B;Male;12.0
1071;46.0;79.0;Segment 3;92.0;0.0;0.0;19.0;74631.0;B;Female;43.0
1072;44.0;81.0;Segment 2;68.0;0.0;1.0;16.0;74492.0;C;Male;73.0
1073;39.0;99.0;Segment 3;12.0;0.0;1.0;24.0;69383.0;;Female;68.0
1074;41.0;98.0;Segment 3;35.0;0.0;0.0;21.0;74992.0;C;Male;28.0
1075;90.0;0.0;Segment 2;59.0;0.0;0.0;6.0;49774.0;B;Female;67.0
1076;63.0;37.0;Segment 3;83.0;0.0;0.0;5.0;66731.0;B;Female;92.0
1077;39.0;100.0;Segment 3;4.0;0.0;0.0;14.0;;B;Female;34.0
1078;44.0;;Segment 3;23.0;1.0;1.0;;81548.0;C;Male;
1079;57.0;48.0;;88.0;0.0;1.0;8.0;88006.0;B;Female;57.0
1080;25.0;79.0;Segment 1;0.0;1.0;0.0;24.0;36264.0;B;Female;24.0
1081;49.0;79.0;Segment 3;20.0;0.0;0.0;11.0;80196.0;A;Female;65.0
1082;61.0;39.0;Segment 3;95.0;0.0;0.0;17.0;75215.0;A;Male;83.0
1083;58.0;53.0;Segment 2;61.0;0.0;0.0;21.0;68404.0;C;Female;45.0
1084;31.0;89.0;Segment 1;26.0;0.0;0.0;26.0;49567.0;A;Female;67.0
1085;34.0;84.0;Segment 1;6.0;0.0;0.0;27.0;61128.0;B;Male;65.0
1086;18.0;49.0;Segment 3;2.0;0.0;0.0;16.0;32743.0;A;Female;3.0
1087;64.0;22.0;Segment 3;24.0;1.0;1.0;26.0;66956.0;C;Male;18.0
1088;100.0;0.0;Segment 3;;0.0;;33.0;42705.0;A;Female;89.0
1089;29.0;100.0;Segment 1;41.0;1.0;1.0;31.0;33604.0;C;Male;93.0
1090;74.0;25.0;Segment 3;72.0;0.0;0.0;6.0;59990.0;A;Male;78.0
1091;100.0;0.0;Segment 2;91.0;0.0;0.0;8.0;;C;Male;92.0
1092;37.0;97.0;Segment 2;40.0;0.0;0.0;7.0;62682.0;C;Female;30.0
1093;44.0;82.0;Segment 3;19.0;0.0;;34.0;74927.0;A;Female;24.0
1094;52.0;100.0;Segment 2;51.0;0.0;0.0;14.0;81215.0;B;Male;
1095;57.0;91.0;Segment 3;90.0;0.0;0.0;16.0;75099.0;A;Female;
1096;53.0;82.0;Segment 2;80.0;0.0;1.0;9.0;86730.0;A;Female;80.0
1097;38.0;100.0;Segment 3;;0.0;0.0;10.0;64198.0;C;Male;98.0
1098;61.0;47.0;Segment 3;69.0;0.0;0.0;17.0;86430.0;B;Male;82.0
1099;39.0;84.0;Segment 3;;0.0;0.0;12.0;75538.0;B;;55.0
1100;55.0;67.0;Segment 1;90.0;0.0;0.0;6.0;73274.0;A;Male;29.0
1101;46.0;95.0;Segment 1;12.0;0.0;0.0;19.0;79462.0;B;Female;19.0
1102;18.0;47.0;Segment 3;53.0;0.0;0.0;29.0;13354.0;C;Female;36.0
1103;79.0;0.0;Segment 2;;0.0;0.0;6.0;46526.0;B;Female;66.0
1104;34.0;94.0;Segment 3;41.0;0.0;0.0;25.0;67417.0;C;Female;44.0
1105;83.0;0.0;Segment 3;48.0;0.0;0.0;24.0;43702.0;C;Female;93.0
1106;;7.0;Segment 2;7.0;1.0;0.0;25.0;58498.0;A;Female;85.0
1107;51.0;72.0;Segment 2;;0.0;0.0;16.0;86108.0;A;Male;10.0
1108;;49.0;Segment 3;32.0;0.0;0.0;16.0;69597.0;C;Female;13.0
1109;62.0;20.0;Segment 3;94.0;0.0;0.0;6.0;65372.0;B;Female;67.0
1110;42.0;;Segment 3;28.0;0.0;1.0;21.0;;A;Female;23.0
1111;43.0;73.0;Segment 3;46.0;0.0;0.0;4.0;70870.0;A;Male;79.0
1112;60.0;67.0;Segment 3;67.0;0.0;0.0;34.0;52287.0;B;Male;59.0
1113;46.0;100.0;Segment 1;16.0;1.0;1.0;28.0;81836.0;C;Female;22.0
1114;38.0;;Segment 3;48.0;0.0;0.0;28.0;76446.0;A;Male;47.0
1115;31.0;72.0;Segment 3;73.0;0.0;0.0;17.0;51274.0;A;Male;
1116;56.0;63.0;Segment 2;86.0;0.0;1.0;14.0;68291.0;C;Female;87.0
1117;34.0;95.0;Segment 1;62.0;0.0;0.0;7.0;54191.0;C;Female;3.0
1118;67.0;2.0;Segment 2;66.0;0.0;0.0;22.0;60679.0;B;Female;89.0
1119;70.0;2.0;Segment 2;12.0;0.0;0.0;1.0;51620.0;C;Male;65.0
1120;58.0;82.0;Segment 3;94.0;0.0;0.0;29.0;84483.0;B;Male;73.0
1121;64.0;41.0;Segment 3;13.0;0.0;0.0;31.0;75600.0;C;Female;0.0
1122;58.0;46.0;;77.0;0.0;0.0;30.0;68358.0;B;Male;62.0
1123;66.0;0.0;Segment 2;26.0;0.0;0.0;15.0;71737.0;A;Male;58.0
1124;64.0;25.0;;93.0;0.0;0.0;18.0;81333.0;C;Male;53.0
1125;54.0;73.0;Segment 3;71.0;0.0;0.0;35.0;96245.0;B;Female;78.0
1126;73.0;15.0;Segment 3;75.0;1.0;1.0;30.0;78538.0;C;Female;
1127;43.0;90.0;;21.0;0.0;0.0;34.0;70790.0;B;Female;85.0
1128;32.0;98.0;Segment 3;44.0;0.0;0.0;11.0;66951.0;C;Female;23.0
1129;31.0;100.0;Segment 3;61.0;;1.0;27.0;48764.0;C;Female;80.0
1130;40.0;100.0;Segment 2;76.0;0.0;0.0;24.0;67195.0;A;Male;17.0
1131;18.0;49.0;Segment 1;10.0;0.0;0.0;35.0;28020.0;C;Male;81.0
1132;51.0;83.0;Segment 1;96.0;0.0;1.0;8.0;77121.0;B;Male;94.0
1133;;;Segment 2;89.0;0.0;0.0;18.0;75405.0;C;Male;33.0
1134;69.0;34.0;Segment 3;27.0;1.0;0.0;13.0;;B;;52.0
1135;19.0;51.0;Segment 3;82.0;0.0;0.0;24.0;21422.0;C;Male;65.0
1136;32.0;94.0;Segment 2;51.0;0.0;0.0;23.0;59258.0;B;Female;7.0
1137;66.0;23.0;Segment 3;46.0;1.0;;12.0;65480.0;A;Female;49.0
1138;42.0;91.0;Segment 3;31.0;;0.0;30.0;74424.0;A;Male;36.0
1139;61.0;24.0;Segment 3;58.0;0.0;1.0;31.0;77489.0;B;Female;87.0
1140;24.0;78.0;Segment 3;72.0;0.0;0.0;28.0;52585.0;C;Male;87.0
1141;82.0;0.0;Segment 2;41.0;0.0;0.0;;33574.0;B;Male;70.0
1142;23.0;75.0;Segment 1;62.0;1.0;1.0;28.0;41710.0;B;Female;65.0
1143;18.0;47.0;Segment 3;69.0;0.0;0.0;13.0;19092.0;A;Female;73.0
1144;50.0;100.0;Segment 1;71.0;0.0;0.0;25.0;82972.0;B;Male;36.0
1145;51.0;74.0;Segment 3;5.0;0.0;0.0;7.0;90257.0;A;;40.0
1146;36.0;100.0;Segment 3;85.0;0.0;1.0;6.0;55916.0;C;Male;55.0
1147;;39.0;Segment 3;;0.0;;24.0;70580.0;C;Male;93.0
1148;58.0;66.0;Segment 3;26.0;1.0;1.0;19.0;62119.0;B;Male;72.0
1149;55.0;79.0;Segment 3;24.0;0.0;;19.0;76013.0;A;Male;55.0
1150;36.0;89.0;Segment 2;48.0;0.0;0.0;9.0;68539.0;A;Male;77.0
1151;33.0;98.0;Segment 3;88.0;0.0;0.0;29.0;54520.0;B;;37.0
1152;38.0;100.0;Segment 3;37.0;0.0;0.0;24.0;59474.0;B;Male;73.0
1153;31.0;75.0;Segment 3;74.0;0.0;;5.0;48106.0;C;Female;41.0
1154;75.0;14.0;Segment 3;9.0;0.0;0.0;26.0;41274.0;A;Male;27.0
1155;39.0;72.0;Segment 3;47.0;0.0;0.0;14.0;62586.0;C;Female;60.0
1156;50.0;75.0;Segment 3;99.0;0.0;0.0;29.0;84749.0;B;Male;68.0
1157;66.0;50.0;;;0.0;0.0;6.0;56545.0;B;Female;45.0
1158;;87.0;Segment 1;21.0;0.0;1.0;7.0;53810.0;B;Male;56.0
1159;23.0;66.0;Segment 1;50.0;1.0;0.0;18.0;31875.0;A;Male;69.0
1160;31.0;91.0;Segment 1;23.0;1.0;1.0;23.0;50963.0;B;Female;76.0
1161;52.0;100.0;Segment 3;40.0;0.0;0.0;1.0;79491.0;C;Female;89.0
1162;50.0;65.0;Segment 2;78.0;1.0;1.0;4.0;87822.0;B;Female;35.0
1163;55.0;58.0;Segment 2;77.0;0.0;1.0;35.0;86672.0;C;Female;95.0
1164;44.0;100.0;Segment 3;22.0;1.0;;23.0;;B;Female;63.0
1165;18.0;58.0;Segment 1;;0.0;0.0;27.0;31585.0;A;Female;78.0
1166;43.0;95.0;;59.0;0.0;0.0;26.0;74240.0;B;Male;69.0
1167;70.0;0.0;Segment 2;37.0;0.0;0.0;8.0;64098.0;B;Male;20.0
1168;;43.0;Segment 3;50.0;0.0;0.0;;47341.0;B;Male;7.0
1169;48.0;100.0;Segment 3;60.0;0.0;1.0;3.0;80776.0;A;Female;72.0
1170;51.0;94.0;Segment 3;55.0;0.0;0.0;32.0;79580.0;B;Female;51.0
1171;61.0;32.0;Segment 3;48.0;0.0;1.0;5.0;70029.0;;Female;70.0
1172;77.0;2.0;Segment 3;50.0;0.0;0.0;20.0;45505.0;A;Male;47.0
1173;46.0;92.0;;;0.0;0.0;14.0;81452.0;B;Female;31.0
1174;60.0;54.0;Segment 1;81.0;0.0;0.0;32.0;85572.0;A;Male;28.0
1175;35.0;100.0;Segment 1;54.0;0.0;0.0;26.0;65519.0;C;Female;73.0
1176;24.0;82.0;Segment 1;13.0;;1.0;6.0;16176.0;B;Female;27.0
1177;37.0;86.0;Segment 2;;0.0;0.0;5.0;70508.0;C;Female;
1178;85.0;29.0;Segment 3;93.0;0.0;0.0;13.0;42473.0;B;Male;38.0
1179;61.0;49.0;Segment 1;94.0;0.0;0.0;32.0;78492.0;C;Female;77.0
1180;26.0;87.0;Segment 1;36.0;1.0;1.0;16.0;25711.0;A;Male;14.0
1181;62.0;62.0;Segment 3;13.0;1.0;1.0;1.0;73349.0;C;Female;20.0
1182;27.0;78.0;Segment 1;51.0;0.0;0.0;13.0;46203.0;B;Female;68.0
1183;55.0;72.0;Segment 3;11.0;0.0;0.0;11.0;68530.0;C;Female;56.0
1184;29.0;;Segment 1;93.0;0.0;0.0;8.0;55098.0;A;Female;20.0
1185;25.0;;Segment 3;18.0;0.0;0.0;25.0;57335.0;A;Male;90.0
1186;91.0;8.0;Segment 3;25.0;0.0;0.0;32.0;41246.0;C;Female;27.0
1187;39.0;100.0;Segment 1;40.0;1.0;1.0;24.0;75012.0;A;Male;42.0
1188;60.0;22.0;Segment 2;38.0;1.0;1.0;28.0;73570.0;B;Female;20.0
1189;47.0;92.0;Segment 3;79.0;0.0;0.0;14.0;84282.0;A;Female;38.0
1190;28.0;;Segment 3;45.0;0.0;0.0;3.0;10444.0;B;Female;49.0
1191;41.0;;Segment 3;17.0;1.0;1.0;27.0;84091.0;C;Male;29.0
1192;28.0;87.0;Segment 1;26.0;0.0;0.0;20.0;66154.0;B;Female;76.0
1193;100.0;0.0;Segment 3;50.0;0.0;0.0;15.0;38686.0;C;Male;39.0
1194;65.0;30.0;Segment 3;14.0;0.0;0.0;27.0;51754.0;B;Male;72.0
1195;47.0;83.0;Segment 3;61.0;1.0;1.0;28.0;81474.0;B;Female;20.0
1196;59.0;;Segment 3;56.0;1.0;0.0;25.0;64847.0;C;Male;37.0
1197;63.0;54.0;Segment 2;71.0;1.0;1.0;33.0;74243.0;C;Female;0.0
1198;63.0;50.0;;93.0;0.0;0.0;14.0;73977.0;;Male;75.0
1199;62.0;40.0;Segment 3;91.0;0.0;1.0;8.0;64682.0;A;Male;62.0
1200;60.0;53.0;Segment 3;94.0;0.0;1.0;14.0;84055.0;B;Male;81.0
1201;48.0;100.0;Segment 3;24.0;0.0;0.0;1.0;84793.0;A;Male;45.0
1202;88.0;5.0;Segment 3;13.0;1.0;0.0;16.0;51463.0;B;Female;79.0
1203;50.0;99.0;Segment 3;30.0;1.0;1.0;18.0;81710.0;B;Male;64.0
1204;47.0;89.0;Segment 3;89.0;0.0;0.0;7.0;72956.0;C;Female;0.0
1205;50.0;100.0;;97.0;0.0;0.0;15.0;89462.0;C;Male;25.0
1206;52.0;;Segment 3;85.0;0.0;0.0;24.0;79555.0;B;Female;49.0
1207;19.0;55.0;Segment 3;11.0;0.0;0.0;13.0;4157.0;A;Female;61.0
1208;30.0;81.0;Segment 3;94.0;0.0;0.0;9.0;55007.0;C;Male;6.0
1209;44.0;98.0;Segment 3;42.0;0.0;0.0;15.0;87233.0;A;Male;70.0
1210;19.0;51.0;Segment 1;0.0;1.0;0.0;35.0;24385.0;B;Female;54.0
1211;47.0;85.0;Segment 3;44.0;0.0;0.0;24.0;90829.0;A;Male;52.0
1212;51.0;75.0;;4.0;0.0;1.0;33.0;82508.0;B;Male;29.0
1213;24.0;70.0;;54.0;1.0;0.0;16.0;29318.0;C;Male;59.0
1214;34.0;100.0;Segment 1;33.0;1.0;1.0;8.0;54252.0;A;Male;2.0
1215;80.0;28.0;Segment 3;47.0;1.0;1.0;29.0;61398.0;B;Male;6.0
1216;59.0;83.0;Segment 3;61.0;0.0;0.0;23.0;70157.0;A;Male;73.0
1217;58.0;42.0;Segment 3;86.0;0.0;0.0;;83484.0;;Male;
1218;75.0;6.0;Segment 3;66.0;0.0;0.0;14.0;48703.0;C;Male;34.0
1219;31.0;82.0;;43.0;1.0;0.0;30.0;48233.0;A;Male;20.0
1220;24.0;72.0;Segment 1;81.0;0.0;0.0;27.0;50479.0;A;Female;44.0
1221;71.0;0.0;Segment 2;90.0;0.0;;16.0;55280.0;B;;5.0
1222;45.0;100.0;Segment 3;11.0;0.0;0.0;6.0;75987.0;A;Male;30.0
1223;30.0;88.0;Segment 1;53.0;0.0;0.0;33.0;53911.0;B;Male;52.0
1224;100.0;26.0;Segment 3;28.0;0.0;0.0;18.0;53742.0;A;Male;46.0
1225;19.0;57.0;Segment 1;4.0;1.0;1.0;16.0;34674.0;A;Male;99.0
1226;50.0;100.0;Segment 2;66.0;;1.0;12.0;76401.0;B;Female;38.0
1227;42.0;81.0;Segment 2;86.0;0.0;0.0;20.0;71163.0;A;;38.0
1228;39.0;100.0;Segment 3;16.0;0.0;0.0;29.0;68611.0;C;Male;50.0
1229;18.0;55.0;Segment 3;81.0;0.0;0.0;30.0;27928.0;A;;19.0
1230;88.0;;Segment 2;85.0;1.0;0.0;26.0;35754.0;A;Male;87.0
1231;22.0;74.0;Segment 1;91.0;0.0;0.0;22.0;41744.0;C;Male;
1232;41.0;100.0;Segment 1;26.0;0.0;1.0;33.0;72424.0;B;Female;19.0
1233;37.0;94.0;Segment 3;90.0;0.0;0.0;29.0;55483.0;C;Female;
1234;60.0;37.0;Segment 3;;0.0;0.0;22.0;67656.0;A;Female;3.0
1235;19.0;51.0;Segment 1;55.0;0.0;0.0;13.0;17442.0;B;Female;98.0
1236;57.0;93.0;Segment 3;5.0;0.0;0.0;9.0;78099.0;C;Female;86.0
1237;50.0;;Segment 1;4.0;0.0;0.0;24.0;96753.0;A;Male;57.0
1238;33.0;100.0;Segment 3;72.0;0.0;0.0;15.0;56314.0;C;Male;11.0
1239;56.0;57.0;Segment 2;44.0;1.0;1.0;13.0;72895.0;B;Male;21.0
1240;47.0;83.0;Segment 3;25.0;0.0;;27.0;81137.0;B;Female;27.0
1241;;26.0;Segment 3;19.0;0.0;0.0;7.0;38538.0;B;Male;24.0
1242;42.0;82.0;Segment 3;66.0;0.0;0.0;8.0;75340.0;B;Female;49.0
1243;28.0;85.0;Segment 3;0.0;0.0;0.0;14.0;52431.0;A;Male;94.0
1244;57.0;65.0;Segment 3;80.0;0.0;;12.0;88355.0;B;Female;
1245;40.0;98.0;Segment 3;7.0;0.0;0.0;17.0;70036.0;A;Female;66.0
1246;46.0;91.0;Segment 3;19.0;1.0;1.0;29.0;87308.0;B;Male;68.0
1247;24.0;79.0;Segment 1;38.0;0.0;;27.0;48645.0;C;Male;87.0
1248;60.0;60.0;Segment 3;48.0;0.0;;1.0;69428.0;B;Male;3.0
1249;37.0;100.0;;35.0;1.0;1.0;34.0;75111.0;C;Male;40.0
1250;52.0;70.0;Segment 3;32.0;0.0;;4.0;84334.0;A;Female;78.0
1251;100.0;0.0;Segment 2;96.0;0.0;0.0;24.0;34282.0;B;Male;81.0
1252;41.0;100.0;Segment 3;64.0;0.0;0.0;21.0;80261.0;C;Female;92.0
1253;64.0;45.0;Segment 3;2.0;1.0;1.0;33.0;85740.0;B;Male;70.0
1254;42.0;82.0;Segment 1;43.0;1.0;1.0;7.0;73551.0;;Male;
1255;33.0;97.0;Segment 1;87.0;0.0;;1.0;52605.0;A;Male;50.0
1256;81.0;0.0;Segment 2;30.0;1.0;1.0;3.0;46148.0;B;Male;3.0
1257;18.0;50.0;;9.0;0.0;1.0;15.0;33835.0;A;Male;64.0
1258;71.0;43.0;Segment 3;75.0;0.0;0.0;31.0;68543.0;C;Female;55.0
1259;18.0;45.0;Segment 1;60.0;0.0;0.0;16.0;31671.0;A;Male;66.0
1260;68.0;2.0;Segment 3;57.0;0.0;0.0;10.0;63598.0;C;Female;
1261;46.0;100.0;Segment 3;5.0;0.0;0.0;29.0;86603.0;B;Male;68.0
1262;28.0;77.0;Segment 1;;0.0;0.0;6.0;39030.0;A;Female;32.0
1263;38.0;90.0;Segment 2;62.0;0.0;0.0;29.0;71329.0;B;Male;19.0
1264;63.0;44.0;Segment 1;20.0;1.0;1.0;17.0;68380.0;C;Male;85.0
1265;;0.0;Segment 3;50.0;0.0;0.0;22.0;44411.0;C;Male;19.0
1266;20.0;58.0;Segment 3;54.0;0.0;0.0;24.0;25227.0;A;Female;16.0
1267;29.0;95.0;Segment 1;28.0;0.0;0.0;17.0;45136.0;A;Female;20.0
1268;23.0;75.0;Segment 1;;0.0;0.0;21.0;27281.0;A;Male;50.0
1269;;99.0;Segment 3;84.0;0.0;0.0;11.0;80440.0;A;Male;
1270;69.0;8.0;Segment 3;72.0;0.0;0.0;7.0;55388.0;;Male;93.0
1271;21.0;66.0;;7.0;1.0;0.0;5.0;17792.0;C;Female;96.0
1272;46.0;92.0;Segment 3;10.0;0.0;1.0;21.0;89718.0;B;Male;97.0
1273;68.0;24.0;Segment 3;49.0;0.0;0.0;18.0;70607.0;C;Female;3.0
1274;38.0;;Segment 2;16.0;0.0;1.0;35.0;54249.0;B;Male;94.0
1275;18.0;49.0;Segment 3;97.0;0.0;0.0;20.0;14635.0;A;Female;99.0
1276;51.0;73.0;Segment 3;15.0;0.0;0.0;15.0;67281.0;A;Female;94.0
1277;78.0;;Segment 2;48.0;0.0;0.0;5.0;42438.0;C;Female;67.0
1278;27.0;80.0;Segment 3;;0.0;0.0;;0.0;C;Male;70.0
1279;18.0;44.0;Segment 3;;0.0;0.0;12.0;21059.0;C;Female;12.0
1280;53.0;83.0;Segment 3;12.0;0.0;1.0;21.0;72329.0;A;Male;
1281;54.0;79.0;Segment 3;43.0;0.0;0.0;6.0;81504.0;A;Female;5.0
1282;;100.0;;27.0;1.0;1.0;7.0;53761.0;A;Male;
1283;33.0;91.0;Segment 3;88.0;0.0;0.0;;55538.0;B;Female;99.0
1284;47.0;97.0;Segment 1;4.0;;1.0;8.0;77959.0;C;Female;42.0
1285;26.0;86.0;Segment 3;91.0;0.0;0.0;9.0;61834.0;A;Male;
1286;26.0;86.0;Segment 3;83.0;0.0;0.0;27.0;60475.0;C;Male;96.0
1287;62.0;27.0;Segment 3;29.0;0.0;0.0;4.0;78496.0;B;Female;98.0
1288;25.0;81.0;Segment 1;78.0;0.0;0.0;21.0;32247.0;;Female;18.0
1289;18.0;51.0;Segment 3;3.0;0.0;0.0;31.0;52894.0;C;Male;86.0
1290;33.0;94.0;Segment 3;96.0;0.0;0.0;21.0;47358.0;A;Female;39.0
1291;;77.0;Segment 1;52.0;0.0;0.0;25.0;57044.0;C;Female;38.0
1292;57.0;66.0;Segment 3;30.0;0.0;0.0;15.0;78011.0;A;Male;26.0
1293;34.0;100.0;Segment 1;36.0;1.0;1.0;35.0;68675.0;B;Male;4.0
1294;84.0;0.0;Segment 2;6.0;0.0;0.0;28.0;43945.0;C;Male;26.0
1295;48.0;82.0;Segment 3;98.0;0.0;0.0;14.0;79849.0;C;Female;5.0
1296;31.0;95.0;Segment 3;3.0;0.0;0.0;4.0;43325.0;B;Female;92.0
1297;56.0;73.0;Segment 3;65.0;0.0;0.0;20.0;87189.0;B;Female;66.0
1298;;25.0;Segment 2;44.0;0.0;1.0;34.0;53788.0;C;;88.0
1299;62.0;20.0;Segment 3;94.0;;0.0;12.0;;C;Female;71.0
1300;21.0;68.0;Segment 1;24.0;0.0;0.0;33.0;19457.0;A;Male;13.0
1301;38.0;100.0;Segment 1;53.0;0.0;0.0;24.0;62641.0;C;Male;94.0
1302;52.0;81.0;Segment 1;48.0;0.0;;20.0;71373.0;B;Female;89.0
1303;61.0;50.0;Segment 3;70.0;0.0;0.0;5.0;74357.0;;Male;34.0
1304;42.0;100.0;Segment 3;6.0;0.0;0.0;30.0;68314.0;B;Female;11.0
1305;40.0;100.0;Segment 3;19.0;0.0;1.0;;64270.0;B;Male;70.0
1306;97.0;0.0;Segment 3;21.0;0.0;0.0;7.0;37965.0;C;Male;72.0
1307;62.0;52.0;Segment 1;73.0;0.0;0.0;16.0;68300.0;;Male;89.0
1308;56.0;68.0;Segment 3;18.0;;1.0;;75317.0;C;Female;5.0
1309;35.0;;Segment 2;57.0;0.0;0.0;23.0;61995.0;A;Male;14.0
1310;26.0;83.0;Segment 1;;0.0;1.0;12.0;40490.0;C;Female;59.0
1311;56.0;66.0;Segment 1;86.0;;0.0;29.0;77316.0;C;Male;61.0
1312;65.0;46.0;Segment 3;94.0;0.0;0.0;15.0;68994.0;B;;3.0
1313;46.0;92.0;Segment 3;51.0;0.0;0.0;29.0;74155.0;B;Male;39.0
1314;62.0;22.0;Segment 3;35.0;0.0;0.0;21.0;73055.0;B;Female;58.0
1315;63.0;29.0;Segment 3;23.0;1.0;1.0;15.0;71889.0;C;Female;73.0
1316;67.0;22.0;Segment 2;4.0;0.0;0.0;;52326.0;C;Female;31.0
1317;20.0;65.0;Segment 3;26.0;0.0;0.0;16.0;41866.0;A;Female;48.0
1318;39.0;100.0;Segment 1;65.0;0.0;1.0;15.0;63804.0;C;Female;81.0
1319;58.0;47.0;Segment 3;53.0;0.0;1.0;4.0;78325.0;B;Male;95.0
1320;47.0;100.0;Segment 3;94.0;0.0;0.0;27.0;85856.0;A;Male;23.0
1321;63.0;39.0;Segment 2;39.0;0.0;0.0;23.0;78090.0;C;;25.0
1322;56.0;86.0;Segment 3;69.0;0.0;0.0;29.0;79896.0;B;Female;93.0
1323;18.0;49.0;Segment 3;48.0;0.0;0.0;9.0;17676.0;C;Female;39.0
1324;74.0;15.0;Segment 2;51.0;0.0;1.0;7.0;61942.0;A;Female;71.0
1325;37.0;100.0;Segment 3;26.0;0.0;0.0;4.0;67435.0;A;Male;
1326;30.0;100.0;Segment 1;45.0;0.0;0.0;;45155.0;B;Female;28.0
1327;73.0;26.0;Segment 3;47.0;1.0;;5.0;49257.0;A;Female;65.0
1328;61.0;58.0;Segment 3;70.0;0.0;0.0;11.0;57108.0;C;;65.0
1329;78.0;0.0;Segment 3;94.0;0.0;0.0;28.0;51276.0;A;Female;59.0
1330;52.0;75.0;Segment 3;32.0;0.0;0.0;16.0;81056.0;B;Male;9.0
1331;39.0;;Segment 3;4.0;0.0;0.0;30.0;73892.0;A;;99.0
1332;49.0;100.0;Segment 3;49.0;0.0;0.0;4.0;83096.0;;Female;40.0
1333;27.0;84.0;Segment 1;54.0;1.0;1.0;2.0;61511.0;C;Male;
1334;23.0;79.0;Segment 1;16.0;1.0;1.0;3.0;22482.0;A;Male;88.0
1335;34.0;100.0;Segment 3;76.0;0.0;0.0;21.0;63095.0;B;Female;42.0
1336;88.0;0.0;Segment 2;;0.0;0.0;6.0;39425.0;C;Female;77.0
